,TECH_CO,BANK_CO,ENERGY_CO,HEALTH_CO,BOND_ETF
2015-01-01,99.40279025348619,100.55732248213738,99.00394202138571,99.37220491236013,99.61167293168864
2015-01-02,98.1108388935505,100.50802697764195,98.99446756987979,99.10676442920877,99.6303909030154
2015-01-05,97.6836643841014,100.10082845316579,97.23677618296604,98.3951165035018,99.23485423023904
2015-01-06,98.03826621221562,99.06701605837831,96.55841027031342,98.6904166943664,98.84241074434019
2015-01-07,98.10554861878052,99.05364123276644,95.47248987706224,98.73379135934101,98.82191409614268
2015-01-08,97.67192372538561,97.69844833145845,93.6617211035134,99.5257120915489,98.89858922390917
2015-01-09,96.81946788033177,96.86454268809251,92.54957205480882,99.39480297432875,98.62724559431985
2015-01-12,98.72507767898179,97.29243379567906,93.34154368744296,99.47194376486132,98.03003020192021
2015-01-13,97.28377409080836,96.17312406377312,93.14328259297527,99.753129971665,98.14326573932172
2015-01-14,97.27567056244233,94.7392770010836,92.15045084051349,99.20278381133568,98.43927090664984
2015-01-15,97.60296537361346,95.29605453063611,92.58228024401272,101.04191553878081,98.31378444368826
2015-01-16,97.73127855355625,95.03593097853512,92.22377566498164,99.91016209411752,98.19964663449319
2015-01-19,98.48265868784799,94.94428627630363,91.89183079210285,100.2583408005189,97.41957525523983
2015-01-20,99.4102291433177,96.20597169285449,91.77077111433161,101.30611798375307,97.74233531117318
2015-01-21,97.51205332646856,94.05605124301235,90.27845101264568,102.01312225775874,97.38335272201157
2015-01-22,97.246018443591,93.7412795041306,89.6841563793715,101.46631512381931,97.64347650624781
2015-01-23,96.8005867937449,94.24784376080072,90.19528586235947,100.92230321325353,97.45710969774122
2015-01-26,96.56582924353484,93.08882472290416,89.15652619551359,99.51680876833468,97.42342058047036
2015-01-27,93.0410888219546,90.39809192480163,84.97916429978716,98.20231381603358,97.3741787367358
2015-01-28,93.27154051522302,91.76279073731052,86.03176269003032,97.66612892479819,96.77815376100727
2015-01-29,95.04961224765648,93.74219606692859,87.74274314985917,98.31368232686076,97.72877883758478
2015-01-30,94.3252140963491,92.67291118893328,86.5765360574438,96.67907053422805,97.21022840555014
2015-02-02,94.98532226268446,92.46907917770693,85.85866013223598,96.25894030281407,97.26227622434013
2015-02-03,94.67779394611681,92.38067993814775,84.8282709263642,95.5989093222493,97.0006881966312
2015-02-04,92.92904089837812,91.56208408737557,85.07484007298328,93.738318277828,96.93503195584385
2015-02-05,90.66637027755844,90.9514722566158,84.28737131347928,93.19172974253291,97.41784861792459
2015-02-06,90.77939103901896,91.55310020340883,84.02218245525074,92.65182998657187,96.79938166122852
2015-02-09,90.41691206590555,90.83665526999674,83.08571361396413,91.76366504250532,96.76575601122758
2015-02-10,89.93555345447412,90.4330106544137,83.60437994649038,92.03456932367502,96.94726737367036
2015-02-11,88.13474557447864,90.00303733979011,83.64915706431363,91.39290738659221,97.00275554058318
2015-02-12,89.76250937915454,91.44919900128605,84.27330777396345,93.38708443956081,97.15217568373184
2015-02-13,91.23422635994683,93.01622220561508,86.79166340983286,95.47917618862033,96.91202432254663
2015-02-16,89.87363500541896,90.25799587751862,84.68321201564967,94.51678179299759,96.37188999174965
2015-02-17,87.58104845821765,87.38468584630942,81.9494894720537,92.50032519574347,95.9450134577628
2015-02-18,85.69581311462096,85.0385341501369,79.004165432426,91.4668251547589,95.82208513309361
2015-02-19,85.39117070983389,85.3596654331006,78.77702774857642,91.15449212673799,96.08574003296633
2015-02-20,84.78592590561865,84.45790271801357,79.31380596640956,89.32422632807632,96.127281584791
2015-02-23,84.68304981188547,83.86029696434973,78.89499389908849,89.83621405355477,96.68292493746674
2015-02-24,84.56415020630055,84.37546864854441,78.98870242495781,88.2072818998501,96.73151508786317
2015-02-25,80.7659514801603,82.66611066608573,78.56726959474594,87.16274468421256,96.81159989986257
2015-02-26,81.02174236126373,82.02678174543672,77.98172420033094,86.63276730121187,96.8940272684306
2015-02-27,82.03775504148247,82.79615151103444,77.87676783418573,87.52387479678022,96.32310207583
2015-03-02,81.87614291253215,83.68660487251384,78.70032017076673,87.17360874473708,96.53204265572367
2015-03-03,82.58033508193773,85.19842682348468,80.0735156410433,86.05267804556152,96.17201441112432
2015-03-04,82.6510978115848,84.83733309283677,79.8879411438258,85.92654828362095,96.05874583585702
2015-03-05,82.92884735269078,85.69691789520851,79.78615355962258,85.86269784781778,96.86446088293596
2015-03-06,84.83042175192176,87.38782014680332,81.46935438387968,86.87204561975564,96.46077274942421
2015-03-09,84.54309368916836,87.25435634683629,82.44032922418451,87.19729842266582,96.5152624757889
2015-03-10,83.69143068796258,87.38987090708427,82.43196530577562,86.9637006420354,96.62843107498601
2015-03-11,82.91538927466488,86.82339191845736,81.37184979431078,86.208523382823,96.68660255803016
2015-03-12,81.82804578749489,86.89255720536114,80.88594436609368,86.98625121920108,96.7023584650286
2015-03-13,83.44172975564717,87.32777134158893,80.92776768020028,87.504350373332,96.52810407614626
2015-03-16,83.15264508360092,87.25926361840038,80.06689784311783,86.82830945766233,97.21810690311153
2015-03-17,82.4697777710295,87.19873841635481,81.27423901510319,86.36284205422177,96.55233728308512
2015-03-18,83.7815424475756,88.75070668068629,83.9109614267616,87.11749450740295,96.2206257662541
2015-03-19,82.91803547307782,88.18268749050353,83.65186430124277,85.68410269584489,96.73614852621301
2015-03-20,82.84138252609633,87.74193247926954,83.48251028651474,85.66870376573644,96.93673381587516
2015-03-23,83.02169203310103,87.73844003271203,83.88183063616019,87.10854873113769,96.69198871706828
2015-03-24,81.82557478385135,87.98356523215901,82.53146301719576,86.11143256603827,96.40293285841325
2015-03-25,82.24710529554535,88.03762093967578,82.84125609035911,86.03721625198591,96.33335861224607
2015-03-26,84.03781587063446,89.7579376583957,83.73369328626794,87.31239445684044,97.24210466902456
2015-03-27,83.36995960340352,88.41492049535228,83.74228430103716,87.51607066901377,97.42480994872885
2015-03-30,83.48522418999704,88.0245911046163,83.14663216633814,87.03012352202289,97.08839595678607
2015-03-31,83.13822831106069,86.79819095031294,82.27396655847762,87.02059313639315,97.18396669665084
2015-04-01,82.77710855076286,86.33882924362273,81.46736368941713,87.40688088671115,96.98573610803304
2015-04-02,81.28627690102009,85.66921271221058,80.96001110488771,85.3269254453448,97.51031984216522
2015-04-03,82.76523297922634,86.09141320961908,81.23885191677938,84.85898753923969,97.62533524202132
2015-04-06,83.91543880291802,85.78053511522653,81.28027037249466,83.56859779857314,98.0716706759442
2015-04-07,83.68777900231183,87.03442383594788,82.31048053975958,83.379785213349,98.14175722293342
2015-04-08,83.37827221401612,86.52166728694242,81.41682009723625,82.95007112784067,98.85942173055518
2015-04-09,82.49446231431573,85.81428970313891,79.42780556677282,82.29975089119836,99.01688293539439
2015-04-10,82.51879995096327,84.88904467536669,79.83674731921057,81.25988250124831,99.12911396737132
2015-04-13,81.83900851697405,84.9621413153917,79.61290513233776,81.61131448204797,98.79085605942363
2015-04-14,81.06956276080825,84.15111176708614,79.55943973071778,80.43376395978608,98.66005234061588
2015-04-15,80.43837855044394,82.45966306599871,77.12041902912763,79.53490951848123,98.80967943164526
2015-04-16,78.66947704988178,81.06690918001098,75.34435893844037,79.05125700924388,98.65293183578714
2015-04-17,78.66492826066717,80.31421344700853,75.1898220104211,78.05110186461515,99.53057960358565
2015-04-20,78.85480225030214,78.85523390831011,74.15451021104502,77.14087897294118,99.54162410861113
2015-04-21,80.33948286364306,78.61730548090323,73.2106177471574,76.52120452213241,99.29158413214058
2015-04-22,81.50856189858571,78.9344576029684,72.84686642760876,76.6934215017248,99.65036432676347
2015-04-23,80.0405462359991,76.53387913689257,71.71204574217599,74.62539780560425,99.4807810469243
2015-04-24,78.3725113864067,75.90316023682598,71.30267924279134,73.67324906489807,99.63754698198784
2015-04-27,76.9039166482537,74.56925480410555,70.07810227259101,72.74630936033425,99.61998329186818
2015-04-28,76.87998470150332,74.96174647815882,71.258555899038,72.66368253011751,99.38413299874703
2015-04-29,76.45385272154138,74.7421247497855,71.22490539650973,72.00632879365666,99.8832369824029
2015-04-30,76.61004799647529,74.66335146145447,70.74256328185004,71.39658722384296,99.93026964324922
2015-05-01,76.46935617005812,74.3183435752214,69.5843165698203,71.2192596742148,100.32661183670947
2015-05-04,75.9140909901605,73.31193240990113,69.29648378781707,71.06336178977556,100.22264614876575
2015-05-05,75.42912895472445,72.77515923272745,68.90793017541804,70.55926361749242,99.73833998324646
2015-05-06,74.87914073341594,72.02462975196514,68.11541772680857,69.77322382586647,99.32013466834641
2015-05-07,74.20073180818689,70.99407420566418,67.30562160887332,69.28801190600396,99.1549726339827
2015-05-08,74.52148496284336,70.98816865704816,67.31429149989795,68.29118739323243,99.10612089749921
2015-05-11,76.00708771692979,71.91168473698707,67.13726676049048,69.41998426101948,99.14017037597121
2015-05-12,74.71479035013544,69.80099019838113,64.89601975802509,67.93829642526605,99.33330554344451
2015-05-13,74.71452916028828,70.09139787153057,65.64672250163451,67.7466392405541,98.91701807037285
2015-05-14,73.50002806039569,69.40944903016758,65.1701070775814,67.29110589897482,99.01135493322451
2015-05-15,73.03164234443446,69.14443503482016,65.0942834700302,67.61979162067301,98.60493729796514
2015-05-18,73.130633957221,68.70718522166831,64.00940906790265,67.86248050105765,98.38398335768197
2015-05-19,72.22213248559204,68.85807302212021,63.887287676907114,67.5184399950859,99.28619862992868
2015-05-20,72.66302396473047,68.78844200658686,63.39299763216529,67.39609487081735,99.74482739123414
2015-05-21,70.96141741703848,67.17154338719486,62.23964634192946,67.22469420059898,99.63320372649643
2015-05-22,71.38943125781915,67.63517152361268,62.15682565797705,67.37149889751947,100.27527658517714
2015-05-25,72.50778513122762,68.96000208528946,63.425632641194,69.08016972433141,100.78965226837009
2015-05-26,72.79766408078022,69.9412693700821,64.20606760886982,70.26296349361964,101.11899900882051
2015-05-27,71.31962215539653,69.0700380987576,63.00021256934022,68.68563562080922,101.65499146999785
2015-05-28,71.98610788395091,69.31506251476993,63.908735434924665,68.79621301223864,101.58209889183266
2015-05-29,70.91890088675338,68.8113279157909,63.02558789104916,68.8300599322462,101.55294855183791
2015-06-01,70.46194095914603,68.15087491425756,63.05256406925154,68.07236635920756,101.26306763033209
2015-06-02,72.71290866201944,69.5585774321123,63.827586738815555,68.77784809628537,101.48530494455879
2015-06-03,72.0279775443568,69.55552036439714,64.05404373001974,68.25751579137534,101.05609632529158
2015-06-04,71.64750524579185,68.43451312170274,63.18374577889978,67.7818086251564,100.89329848327544
2015-06-05,71.81983598875884,68.01585692859935,62.828923934955064,67.06174700789231,101.070549318629
2015-06-08,71.35756112339907,67.94818427141118,62.729500874317964,67.49732470187483,100.907304731684
2015-06-09,70.53531834769329,68.00784577272009,62.7135214310392,67.0106226765267,101.0450990850438
2015-06-10,71.65105372773269,69.31804826691888,64.63402799726329,68.24414342203391,101.70783949109897
2015-06-11,72.67011702974871,69.50339128833801,64.70351639396806,68.46270377017117,101.37303339793671
2015-06-12,72.97272964738367,70.10339733805586,65.51944591563205,68.57610262982523,101.88755768369357
2015-06-15,72.74215908809559,70.3076140437785,65.42708433664608,68.56888948796801,101.65954138957136
2015-06-16,73.70487232993382,71.50747709813317,67.37778349523045,69.16277873482002,101.34289247441428
2015-06-17,72.38664082449155,70.79804682772365,66.92300106902265,67.59637636508928,101.43810082899165
2015-06-18,71.71548429447795,69.78982879089243,65.86816938702552,66.92501404280655,101.81918665228874
2015-06-19,70.28945823848079,69.41755314718425,66.63337185415025,67.8619195003097,101.58039391606152
2015-06-22,70.30835317810472,70.34842677870898,67.07170652626998,68.167373473118,101.33683974563536
2015-06-23,70.1223576645303,70.43551899148684,66.5236536716112,68.01863800296584,101.19626992011092
2015-06-24,69.96915170092697,70.58788594225544,66.94615037809162,67.35958264727692,100.95668110346682
2015-06-25,70.72860954167427,71.3007301082396,68.49434119572108,67.39512230487033,101.03851050269081
2015-06-26,71.44039974942518,70.43575391873507,67.80819355811374,66.88910215292256,100.80202896145364
2015-06-29,72.78011326431879,70.44962398996793,68.68534969509444,67.01442830508356,100.72741407218781
2015-06-30,72.53475705985471,70.27548872811406,68.83949182761452,66.40464196688104,100.86746594756191
2015-07-01,73.01513037556121,71.02957933411857,68.99366288584054,65.70790490847907,100.73532744864191
2015-07-02,71.68666971220405,70.57373805929522,68.07016322888789,64.2230780572318,101.1581937371783
2015-07-03,71.89954862727753,70.57633006551349,68.42970819385295,64.2299118090203,100.93402514815818
2015-07-06,72.46174504963659,71.03259767797641,67.85060129861337,64.34696552188667,100.67688922959317
2015-07-07,71.72539719647884,71.69481494047582,68.08580568159344,63.7839613039009,101.4128080690855
2015-07-08,71.54018707017768,71.34251201955342,68.01145059767751,63.34124727006789,101.96400904700562
2015-07-09,71.12435592953372,71.17396675312816,69.17849418886505,62.51871053665041,102.00476058551007
2015-07-10,71.18182769975728,70.32119690462571,68.4000578268941,62.192448095267515,102.31696333601026
2015-07-13,70.34533450818145,69.13389677565215,66.9810012598138,61.612729015895454,102.45430573141559
2015-07-14,69.13539698604993,68.92837193041956,67.38957400722053,61.8701992666309,102.28684007782054
2015-07-15,69.06589335328816,68.22762674907817,66.19649900797536,61.11220066425192,102.54446907316976
2015-07-16,69.98088929966106,68.28776092875842,66.92992763986209,60.907812491553216,102.66918529873068
2015-07-17,72.00695467537514,69.85435035866405,68.45197460831108,62.110858216620116,103.1463145217582
2015-07-20,70.60993856662931,69.49447214865545,68.20141951246407,62.00375624187674,102.4984935165601
2015-07-21,71.37450869618608,69.44628698926387,68.97431291469387,63.31777321297801,102.80381844777722
2015-07-22,71.67140866942799,70.1681485087932,68.60762572627512,63.39216718950675,102.87927070416347
2015-07-23,71.87231105588255,70.81044517934528,68.94628054102986,63.799354315080784,102.64757849724356
2015-07-24,71.21653927046692,70.33031961694476,67.69141435862574,63.22423726989368,102.50901266719372
2015-07-27,70.74228573858723,69.35803245332113,67.76225117494833,64.10543529812244,102.37921403326742
2015-07-28,71.13986527172406,69.29269480048593,67.73251611601758,64.92240574224931,101.92167476966294
2015-07-29,71.78289916324381,70.44962827985802,68.54377978580995,65.01757408741791,101.73244655142477
2015-07-30,72.29464636789372,71.1407974420064,68.72737004832116,64.14905421049707,102.02680151485978
2015-07-31,72.86322821335314,71.6918233539722,69.8532333166593,64.21568431309733,101.50165509829388
2015-08-03,73.59622540744174,71.21119208565617,70.52478966454447,63.809585719160744,101.3833936878846
2015-08-04,74.35615221985061,71.75558112528306,71.15480866933406,64.89604318230064,100.56274790421627
2015-08-05,74.41383146666988,71.71543320977258,70.51762097912497,64.95020857508823,100.37546426105376
2015-08-06,73.78834691825043,71.41340195140103,70.23863466180865,64.43527766673756,100.52813788946979
2015-08-07,74.67270135057014,72.49331418937192,71.76450838944578,65.2733156024825,100.52560952463061
2015-08-10,74.75878263511703,71.87488502394744,72.46452056259413,65.93303536937603,100.55622075181934
2015-08-11,74.65543584794351,71.48158374065062,72.34941777599751,65.51010534670041,100.17846966888189
2015-08-12,75.05652304094676,72.28204677788088,71.37260328069677,66.18955989550716,100.39358118461249
2015-08-13,75.54805575684927,72.74347068673238,72.28441769951529,66.10617531780993,100.09173383530903
2015-08-14,74.58814374241345,71.84352376162,71.96187263463818,65.385889546171,100.42564416746936
2015-08-17,74.57996858572218,72.07181803980436,72.7035573814649,65.23024164310318,100.51524576100735
2015-08-18,74.58132154189691,71.74845474436393,73.31371255232591,64.96556165756908,100.39541892921005
2015-08-19,74.3575971385418,71.34010270469238,72.53943310973425,65.80704056254802,100.93407261499429
2015-08-20,76.19164337695206,72.43130895129694,73.51673013412268,66.86195072088223,100.80979507421573
2015-08-21,76.06768375704527,71.98891295286982,73.44905545005194,65.62587880090986,101.18707305914394
2015-08-24,75.15297428398455,71.47171515007042,73.19068969889466,64.53207922765873,101.23947633813086
2015-08-25,73.13593873908043,70.51274781756666,73.56885819239918,63.52522605812959,101.25491537590517
2015-08-26,72.54334653973623,69.54281989704042,72.66510957210437,63.30699798108308,101.62561999656204
2015-08-27,72.78923658603594,69.4485285491347,73.2209005488485,63.28203052181587,101.79692516323313
2015-08-28,73.9871397439068,68.91378141836452,73.04514713430021,63.787457552085044,101.80966075060229
2015-08-31,73.36106650415022,68.05580744896187,72.6447105218116,64.86627712164861,101.78286814937205
2015-09-01,72.14116986526186,67.26709987970183,72.6104027549622,63.968291584646494,101.87385707335879
2015-09-02,73.30555063294207,67.7887815180515,72.51649255767023,63.499915587608136,101.91987514677965
2015-09-03,72.49108316364077,66.22108158663262,71.41276841038908,63.6510435556486,101.81896908048552
2015-09-04,72.41733324095986,65.84048164923757,70.24517168302695,62.68005817592013,101.46569419405233
2015-09-07,72.4727371005675,64.24835417156811,68.59333500699627,61.913770747948604,100.56509985069356
2015-09-08,72.79985095066651,64.34030508139004,69.4423444296059,60.85744678575,100.54108777063901
2015-09-09,72.497225009683,63.9985802852926,68.47733578239044,60.26482876738311,100.47096688532233
2015-09-10,72.29758833273635,64.78947674179348,70.1708270178637,59.66089517421524,100.91402067717435
2015-09-11,74.41637101304414,66.48361075823787,71.70241928053275,60.386504053000664,101.0881836753821
2015-09-14,74.6300820789129,66.07018337468602,71.10956598629943,59.568008520008284,101.5081797410478
2015-09-15,73.99352422942091,65.82292725972235,70.81018276964845,59.514823748040094,102.142558537621
2015-09-16,73.98771018845032,65.82407210797413,71.37585190586582,59.00292252605621,102.11977597672475
2015-09-17,73.54280872108721,65.76116693436477,71.01332860855867,59.1285740675677,101.83512707798256
2015-09-18,73.76050752943645,65.92951263985933,71.33348506630708,58.55771015184995,102.14246278680254
2015-09-21,74.91042129295715,66.29474923147389,71.58108304252904,59.92124540695251,101.94528159910274
2015-09-22,75.69323986295629,67.00221616852657,72.46366151733454,60.02617331398964,101.87017979195296
2015-09-23,75.7018871330219,67.16179011066122,72.95222556879219,59.798457007271345,102.40034150980159
2015-09-24,77.46647703999854,67.03994356749706,72.98349038382393,59.779414218200465,102.61438926109376
2015-09-25,77.84282365256033,67.54366603919316,72.65650450229046,59.73055558372591,103.02510370457307
2015-09-28,77.19173718074195,67.51832991789249,72.75377393169597,60.04311596452545,102.55573351274401
2015-09-29,75.79175530624818,67.08932717240164,73.69154898446347,58.8335761771946,102.58438145081112
2015-09-30,75.71452359773151,67.05886422938629,73.84566905279156,58.94443917829679,103.00304041624315
2015-10-01,74.47505432740915,65.67204611383418,72.28818326491947,58.37312830438821,102.55815211203358
2015-10-02,74.73873379333463,66.53627328463398,73.69484268920398,59.33373278207953,102.64541017243963
2015-10-05,74.5723316236702,66.70988574117143,72.75160855717776,59.41618412238617,102.80682508925747
2015-10-06,73.19924320690099,66.27995340625303,72.54141501076938,59.76770518832135,101.99659321832483
2015-10-07,73.0660716144321,66.05246995985803,72.79602787553362,59.636405870493235,102.58432394445391
2015-10-08,74.16968431581941,66.82110294439507,73.44533662293482,59.582918723586175,102.34472002311081
2015-10-09,75.18842524510889,67.30163592681869,74.80492765438744,60.790826587199554,102.31140321194955
2015-10-12,74.57556350931824,66.98638289862474,74.82066099533655,61.18588769227856,102.93070056741622
2015-10-13,76.32044579147647,67.9853566600716,74.65254470191219,61.61999460203597,102.30420362266146
2015-10-14,76.76519329101367,67.6824061974241,73.8280970117868,62.282064917792546,102.48687975862192
2015-10-15,77.61461676911723,68.16385921940751,74.24860157024807,61.06970041131415,102.34292620518073
2015-10-16,76.6641138273275,67.96495285347858,74.78024337320912,60.65981119579064,102.37485864026664
2015-10-19,77.70112282850508,69.01313410095246,76.38243546748998,61.727454674522406,102.09799524599077
2015-10-20,77.91328108658277,69.33137878296148,77.10548757065084,62.498674018988,102.60304998352974
2015-10-21,78.1091159883565,70.39799822928447,76.89926230563361,63.43106533165794,102.2178190564776
2015-10-22,78.59553118791716,70.61421077844507,77.73433554840672,63.593591146408414,102.36376834804857
2015-10-23,78.65869657232099,70.46153967077986,78.37716421643808,63.636273825199105,102.57443364460417
2015-10-26,79.83498859462172,71.12330462300598,78.68357932312998,63.493326209179436,102.5578434835137
2015-10-27,80.22552195924546,70.75888891624122,79.33553657727994,63.73429041818003,102.47615457432997
2015-10-28,80.20238869613931,70.7207785434701,78.86769035592131,63.66478060329596,102.39752635836619
2015-10-29,79.30258836109692,69.3612838591254,77.83650594994583,63.46052978976326,102.78139709714895
2015-10-30,78.70150521044272,70.24188506912886,78.01450367375668,64.16243587310798,102.96077792170514
2015-11-02,76.52335926578506,68.61743855271546,77.3164177986474,63.28174495799858,102.94785263804374
2015-11-03,76.6751472458362,68.22928089258494,76.3984020390016,62.61238191250139,102.57196433340334
2015-11-04,79.24617843107727,69.06054941128951,77.9380946324618,63.30574917726079,102.64565306381228
2015-11-05,79.27799285773503,69.94659109855418,79.13829168039297,64.38853622467413,102.85403077177074
2015-11-06,79.02538146634734,69.89240108793277,79.51169096817706,64.1815986217463,102.85909222697155
2015-11-09,77.88442616824346,68.57630925512511,77.71194258915332,62.778213020635256,103.39457674217682
2015-11-10,79.66239665717345,68.4796875598897,77.57867208225646,63.48343151126624,102.72221211140362
2015-11-11,80.75763533536592,68.2175019861147,76.60330604802364,62.65110472255104,103.6395673704292
2015-11-12,79.99288127158984,68.19447338008638,77.23328166040298,63.1263188387013,103.58985197620392
2015-11-13,80.88608340398453,68.16093469842521,77.50501086017742,63.64590691641382,103.19407313811793
2015-11-16,79.28844027116463,67.01594897161705,77.14216892767915,61.599887684699496,102.58244610550258
2015-11-17,79.2879662037236,66.66674271120614,77.0783066177169,61.260193547011,102.91121744662246
2015-11-18,79.22821862069839,66.43834764456595,79.55224701341248,61.92530039608677,103.13454652861071
2015-11-19,79.7464094999372,66.32491078862745,80.04965653795495,61.57787499188741,103.07305234585995
2015-11-20,78.07034379844877,65.80381688258416,80.03772292679137,61.00397847132379,103.07222515076779
2015-11-23,79.45101021482999,66.1247616761406,79.97775916678029,61.64206154117785,103.15018059663797
2015-11-24,79.944219774344,65.62587853302647,79.58594501561443,60.827867610873966,103.01422319745008
2015-11-25,80.5332411001185,66.7754790419578,80.18276902130305,60.890958978316476,103.4480542185092
2015-11-26,83.37118032685518,67.89901492270864,80.784085108988,61.88327215602458,103.69201517677062
2015-11-27,84.21001243635882,68.55090585210306,81.86963677148485,61.92222530283695,103.66549079872634
2015-11-30,82.71482465712806,67.0811900734028,80.54628853686086,60.74926875359134,103.0893629230901
2015-12-01,81.99657992914754,67.20108913935576,80.25208375160922,61.36022243400144,103.6023294779688
2015-12-02,82.36749235454104,68.20429141889377,79.84109307235182,62.55054728433224,103.44642992109432
2015-12-03,82.51463509011138,66.86672471081147,77.18420348655624,61.549816960172606,103.08938903412472
2015-12-04,81.51012145084945,66.79498893151691,77.62919964241988,61.742152731674096,103.57310070020019
2015-12-07,83.40495687710381,66.69964259471651,77.9155613500009,60.77355893880766,103.77141105930075
2015-12-08,83.65800938352292,67.75227278071118,78.86935671208226,60.77226127580664,103.05934580618683
2015-12-09,82.97364908976166,67.66817966781035,79.01075256109588,60.292691507452055,102.47838482314293
2015-12-10,83.14351530908752,68.18165332178492,81.16606139452188,60.88283492006887,102.35307582915351
2015-12-11,82.41854333535316,67.86667921715119,80.36810304525937,60.63406867373661,101.92073703770174
2015-12-14,82.67866403979475,68.3484971615766,80.08943945285942,61.84574157292608,101.88288398737785
2015-12-15,84.59949035118774,70.00667542937016,81.27421799044012,62.99734922515626,102.83762204140523
2015-12-16,84.70211110626961,69.70727675178465,80.72983200637725,62.95003593741012,103.9340848703846
2015-12-17,84.60379510799325,69.05733150616868,79.79700568804842,62.360167831685786,103.93673473286486
2015-12-18,85.12459328926536,68.80118867491136,81.41692687308331,63.104680798800516,104.2465875359891
2015-12-21,84.84283622017597,68.76052935447044,81.50429037182785,62.040700289332825,104.59031648914791
2015-12-22,85.53825809194663,71.11447726203191,84.08602939709954,63.22814103296075,104.56484735124884
2015-12-23,84.85409549817227,70.76120433986122,83.06690203104428,62.52537715843219,104.04375689997585
2015-12-24,85.83192866119029,70.23375550531713,83.44131063298957,61.669862469833284,104.45439846145332
2015-12-25,83.72618769518658,70.20712567887071,82.60036948615495,61.410439463561254,104.40798969176153
2015-12-28,82.14202368567484,69.89630542724777,81.8820155845544,61.83775640046716,104.59263069617752
2015-12-29,81.51732172512992,69.68845783909508,81.96671064988249,61.504593941085204,104.87089079720842
2015-12-30,81.0407173944952,70.21838579061202,81.93853620520805,60.864092238863144,104.5930670186429
2015-12-31,82.09779992966956,70.73510620171004,82.04474006992855,61.20460111926987,105.23167650782183
2016-01-01,81.84935956899861,69.73582359392833,81.3842111990219,61.37502005981026,105.27832384641233
2016-01-04,83.5863219841144,69.99146266754488,81.18757227286099,61.82141166640365,105.38019883897378
2016-01-05,83.07933096535905,69.39927585075577,79.15102462598766,61.40303151449999,105.23948697346745
2016-01-06,81.53163089603291,69.04375065311068,78.849346120535,61.3099684950223,105.5206645190716
2016-01-07,81.0849012557393,69.46202623677159,80.32405591460025,61.217028185500766,105.91465554807115
2016-01-08,81.58970517233784,70.16808363573739,81.35078856765297,62.27636981092415,105.72717006733856
2016-01-11,80.28666661482163,69.32919039721925,80.14510909695308,61.4958326975521,105.96319933113996
2016-01-12,79.81547570880258,68.88243944795015,79.00500668333859,61.233959496308245,105.82116773817296
2016-01-13,79.60306224581541,69.13131662127172,78.63210525768164,61.54595614823607,105.38489792614303
2016-01-14,78.9370571251423,68.93651743617835,77.73188246521003,61.34485253249179,105.28242893145483
2016-01-15,78.05380244463545,69.031599449412,76.91101862419465,60.75834766272452,105.52675568306147
2016-01-18,78.46661617352892,69.02132604513253,78.26939166868239,60.837216773198456,105.75066870355533
2016-01-19,79.13789758283879,68.85170794933296,78.42789133246274,60.940441194540384,106.17108819523766
2016-01-20,78.40432108212127,67.3758331788363,76.65697730846975,59.98715997353384,105.94001994262467
2016-01-21,77.80055891779335,67.43416085795599,77.19060713451663,60.25341601847245,105.84712469886455
2016-01-22,76.878542393944,67.09166584977007,77.65248744238617,59.50301070493257,105.89369446828837
2016-01-25,77.14755381914932,67.90132979608453,77.28275495788309,58.95742080771069,106.14400339700585
2016-01-26,76.69823024875345,67.53917607100541,77.1132939656447,57.73669589067103,106.12027475972677
2016-01-27,75.37471851524987,66.55450050751472,75.39145813000047,56.54887515484934,105.78708598225369
2016-01-28,75.82484717019534,66.74420854404613,74.76496201850084,56.18074116814849,105.23354564842893
2016-01-29,74.73670597572055,67.41661451144473,74.79508381437245,55.98709232457259,105.68925931458098
2016-02-01,75.6712372998801,68.42898704259946,75.63962624976467,57.00535160589945,106.10613499944562
2016-02-02,76.66658912583505,68.45568249687494,75.67846923924603,56.53741986556593,105.87898614753617
2016-02-03,76.28357790747091,69.20014726053218,76.50195235147223,56.99159845572067,106.45009386429807
2016-02-04,76.72170186567757,68.966205832685,76.5409516492358,55.80393818880059,106.44669994533675
2016-02-05,76.95987599266127,68.06584906860051,76.60224146265872,55.475795618662836,106.63701188237913
2016-02-08,75.97529587578862,68.11937120848795,75.44803209314898,54.8287380670524,107.13088257695777
2016-02-09,76.20574871483254,67.96725777664369,74.32928091788376,53.6720916199221,106.97130551878149
2016-02-10,77.55026881948777,69.06729601948895,74.550570716362,54.007974275380185,106.70144126539182
2016-02-11,77.37803748161062,67.99004114543104,75.15696780465663,53.57291654627463,106.07391015933176
2016-02-12,79.25270477505498,68.69762511607824,74.93400689328719,54.054764326397134,106.20834253297056
2016-02-15,78.41050499586325,68.69903163753764,74.74001680068655,53.388751615738414,106.39731217445299
2016-02-16,78.17587880549755,68.2764673064303,75.0428239096131,53.48539494795324,106.74122893731943
2016-02-17,79.14365900053639,68.71867171592875,76.06560864096433,53.39576675222597,106.98912607203918
2016-02-18,79.02935054964529,68.78494168226189,77.46652852756945,53.40627008407367,107.04993562010957
2016-02-19,76.62331836284888,67.0079994393687,75.66975550972622,52.810317999957846,107.50395918829363
2016-02-22,76.56991166215987,67.5106631158181,76.9768649100498,53.198256647362975,107.13902606813616
2016-02-23,77.87905671378874,69.54435799724571,79.22392197941318,54.91567458349964,107.30737628501015
2016-02-24,78.41114466111382,70.967540865534,79.85958118800592,55.3271517663901,107.52271734258933
2016-02-25,78.83507630522809,71.9734700804201,80.49788116843615,55.12082145761582,107.49886248924585
2016-02-26,78.4156552993041,71.02257234110871,78.7295887801573,54.152272046038675,108.1745829838702
2016-02-29,77.73431542009584,71.21024312757362,77.33249136307802,53.961383638926485,108.36336997023001
2016-03-01,77.67876032480632,70.56860796574081,77.44010259038258,53.72918731098022,108.89962538992857
2016-03-02,75.44461269354585,69.20065697115461,75.27184872216182,53.00436957044292,109.26555669405154
2016-03-03,77.61912831711678,70.24082695389833,75.68495274290015,54.06783028362354,109.21916344148721
2016-03-04,78.81773793773364,71.82821357946248,77.52699563126208,55.05797883470366,109.98617097159678
2016-03-07,79.42030835901896,72.34697557721911,78.67906364351497,55.04574137644197,110.43847031682334
2016-03-08,80.0419396654017,72.21117501319935,78.39379866114699,55.98176139543924,110.46839297873498
2016-03-09,78.17158969306402,70.71623836347487,78.45274738031715,55.34749264222032,110.4449528071797
2016-03-10,77.38734301672794,69.82610950631258,78.57918602164578,54.444573963417376,110.06659388673272
2016-03-11,76.98153186411494,70.15750651893403,78.75014875541744,53.51928639269667,110.03094337207793
2016-03-14,77.23766525544544,70.37501318940113,80.43739657944671,53.95445996059757,109.96224772592387
2016-03-15,78.34668709278733,72.1734741589258,81.9401376569084,54.731312238267236,110.06595129901686
2016-03-16,79.16533677288677,72.21739238102593,81.83580192573659,54.604487912346556,109.92528654748514
2016-03-17,77.86573444187783,71.21816392598987,80.37833571099581,54.04713414388955,110.16890462424207
2016-03-18,80.98921489385364,73.60484913141757,82.7295180071355,56.268713762435475,110.15982587209676
2016-03-21,81.13126089284158,73.60622301375889,83.68161304866881,56.21524940330559,109.5724256677764
2016-03-22,80.7007289880026,72.32481094572063,83.97421223681955,55.54535857540075,109.40028780372175
2016-03-23,82.6724836498137,73.0482717909942,84.85983819249958,55.40777062603872,109.07797209949295
2016-03-24,82.30386399848521,72.74217741081655,84.45311761079124,54.99426942131242,108.61321351432042
2016-03-25,78.6718005354295,69.02547484984723,80.8678878262558,52.703037674978894,108.70208562953849
2016-03-28,79.95450828781611,70.20297075148667,82.48767466753347,53.217644267183786,109.23827047494979
2016-03-29,80.32402799977798,70.97348214961532,83.93631902727392,52.95888716835505,108.9959807757144
2016-03-30,82.3356507814751,73.25098574412209,86.36371401241853,54.038011402101695,108.41637850436456
2016-03-31,79.06290866026481,71.075492933666,83.14735777224973,52.78736982313236,108.54022754788046
2016-04-01,76.55539046006852,69.57762537698736,81.42946016778492,51.29035608907685,109.87384979740908
2016-04-04,78.67052759169565,70.8022755288822,81.9518604779872,51.66551077472372,109.83394118229386
2016-04-05,80.89796421745308,71.06964042939941,80.6902170464069,51.48032368283098,110.12728502967431
2016-04-06,79.02452725837972,69.54229203734518,78.83791868586933,50.29192456411323,110.15656952305054
2016-04-07,77.11230039869555,68.39024211301597,78.2938709392686,49.13364933390039,110.67905025718214
2016-04-08,76.59194675337241,67.38143034297434,78.44627363694744,49.26745054726797,111.43196470156073
2016-04-11,75.4470387364757,65.99139591038816,76.62627300240865,48.88827703552564,111.5609241587186
2016-04-12,75.70874345857821,65.55169846054825,77.2341966790732,49.44377328310452,112.21806465737131
2016-04-13,75.81438846269886,65.48660508425301,78.42296979077314,49.799942119639276,111.98344779420889
2016-04-14,75.48909196457679,65.71413518344383,77.92196008813642,49.57186592631281,112.25818407645629
2016-04-15,75.84994431837782,65.13751869226948,77.58037529219568,49.393653474548735,111.95054573139139
2016-04-18,77.09126111222291,64.81941613025388,77.32643380019002,48.76607836405872,112.21693649036577
2016-04-19,75.46665876856694,63.15299728359756,75.0601186025207,47.4670880841075,112.16805818013975
2016-04-20,75.6340857942225,63.132243540424625,74.54825211406336,46.96867533547838,112.45569334215568
2016-04-21,78.73967847048007,65.60949118474285,76.60911975445067,48.69703260879839,112.20654792060571
2016-04-22,78.93682846045633,65.15400072858021,77.38056688385817,48.18437422748877,112.49102521681809
2016-04-25,82.1660900240468,68.15632523569812,81.31931547406272,49.91044936183606,112.72967675977634
2016-04-26,82.5552881863509,68.5332344022931,81.20576134618013,50.34005000349229,112.69785252755004
2016-04-27,82.68274452052536,68.38072566269155,82.20332515220761,49.78208685796092,112.57409653465984
2016-04-28,81.88889126448437,68.11563966631317,82.3201301477058,50.009471330186415,112.29941674140042
2016-04-29,81.00194885353676,66.67541701520456,81.71739861580775,49.57292464579488,112.33669102847057
2016-05-02,80.12475658666735,67.8587690060485,81.99662589661008,50.63300253007632,112.68950415884925
2016-05-03,80.03592051571698,68.04918922406368,82.57723100030739,51.25839504795581,112.8312972278238
2016-05-04,78.53410513711599,66.69475013036482,81.18901724844982,49.9970066357527,113.08839330596679
2016-05-05,79.24180307554911,66.2235387755053,81.38334457237019,50.20356252139337,113.78983457064638
2016-05-06,82.33667697468783,69.09089933597538,84.84592272764512,52.359046786884335,113.85755132317223
2016-05-09,81.60219904032542,68.31810722786885,82.86746850967923,51.9278954050528,114.17244712733996
2016-05-10,79.9478815329893,65.78774526759545,79.71632257106278,50.27303860131196,114.70364326688482
2016-05-11,78.9384226101823,64.78090709359094,77.63363377078976,49.66253024005997,115.11042088271071
2016-05-12,82.77016851067478,67.8763084960813,80.04637714195493,50.66274255660807,115.46658351296355
2016-05-13,81.36137824686016,66.33596700946418,78.58437068865966,50.58962992434596,115.69912652872023
2016-05-16,80.50389479599058,64.65571597287182,76.23347271234195,49.258475424781494,116.68774223063294
2016-05-17,84.49014433482358,69.35033801096954,81.3202241491174,51.01514476902022,116.8591497499705
2016-05-18,84.64022736426764,67.55709746035953,80.18760471391694,50.530851952787984,116.90293697224234
2016-05-19,86.41497194967233,69.19482492209315,82.3937476810225,50.38996362422742,117.34944492783373
2016-05-20,89.13909420707407,70.54159297693948,84.26212417469968,50.88276824150426,118.23077048194273
2016-05-23,87.38935738475874,68.51488196563557,82.46057087199901,50.193202208879114,119.02662188187291
2016-05-24,90.1350379794408,71.61610522211377,85.69051021180233,52.413002021228074,119.24721085772538
2016-05-25,88.2954581367406,70.55605703290344,83.47354893224072,52.40480253434898,119.80455470612303
2016-05-26,90.17311333122281,72.16278346843147,83.96774977984289,53.53667081855965,120.2236829960825
2016-05-27,90.16084702198044,72.02848768444254,82.94370629306215,53.17332301866378,120.46449973292152
2016-05-30,92.45839627540062,73.06377501359084,84.17185764284012,53.898620269843214,120.95106505204262
2016-05-31,92.34388300326175,72.89502453990988,84.61962128592894,53.84772298013684,121.42548204853345
2016-06-01,91.78477069989043,72.23798524000364,83.45680744624947,53.358138963809246,121.69698187313335
2016-06-02,92.9782744785306,74.5356767150604,85.76263044141206,54.63942400350204,122.64951132274058
2016-06-03,94.74746162560864,75.67025922112943,88.42332446931603,55.863112794952464,122.70043084396802
2016-06-06,94.11784145406516,74.1312814527498,86.18127556985617,54.94857392955681,123.51772499133114
2016-06-07,94.47720025937834,74.2617176884789,83.72445428379565,55.14395812100427,124.64884986615353
2016-06-08,97.11981892847692,76.3158110090633,85.89077612646663,56.16384397955041,125.79677085745122
2016-06-09,96.11971244172578,74.45836088623906,84.64608640998507,55.1213673701186,126.13696018921215
2016-06-10,96.49327709377071,74.39832120210365,84.20960395368479,56.004506125698796,126.27549229492988
2016-06-13,100.6981821515964,77.4111938368727,86.92746344081212,58.64221644254336,125.78751240495465
2016-06-14,98.96057938422811,76.61163959338968,86.83382297760303,58.64829360947187,125.98128665427761
2016-06-15,95.45657957874447,73.32024630640582,84.45468221521814,57.7464362538368,127.28761443684238
2016-06-16,93.38761008490047,71.1615233438799,82.75394118695559,57.04117771691435,126.8094254948545
2016-06-17,94.77848358489042,72.41150526872589,85.00163577074125,57.077083059277065,126.34258796313102
2016-06-20,99.44425488895122,75.71222415706409,87.44951330731035,58.79002545843507,126.93555972120612
2016-06-21,99.45269691475319,75.18142866493255,87.66855709148268,58.700972998189805,127.43317708256592
2016-06-22,99.16484105667779,74.20272063486026,86.9114395609179,58.029203983928014,126.83992098741186
2016-06-23,97.38753478293597,72.2712694082348,83.40314110388574,56.472625274918165,127.03519399086825
2016-06-24,95.42855442323511,69.97722942905537,81.26180800769795,55.08666216085993,127.40883777927425
2016-06-27,95.84027967113464,69.9031338756556,80.83604150720066,54.51970693255201,126.95333835689355
2016-06-28,94.56312226063079,69.54873866699724,82.08307089717688,54.111032133393,127.60434231526713
2016-06-29,89.29969057418057,64.83769702922262,78.00393072057128,51.596870676913944,127.23293703367429
2016-06-30,89.13133025234609,65.06942024120914,77.34090802737845,51.62814902809912,127.9624126154256
2016-07-01,90.74933856581143,66.55631597307618,79.36746444048673,53.023403905682954,128.2767046052229
2016-07-04,91.38839194848384,67.04981751524203,79.9721580432166,52.88171074507106,128.18588369871918
2016-07-05,87.31595132084287,63.5747133513561,74.93433344344751,51.32781107031171,127.6857816165855
2016-07-06,89.71135426507277,66.71307052043595,78.4104916415414,53.07037915342223,127.7547533332927
2016-07-07,87.8043557999031,65.45751396570176,77.17359145384428,51.83900347870619,127.9344509738461
2016-07-08,87.93297530054927,64.80531507977184,76.46242114051914,51.50524095377006,128.098646759
2016-07-11,89.71442815597547,66.36519860687052,78.19736495972792,52.66393920488154,128.0541642998047
2016-07-12,91.51900222767108,67.22282940866569,79.11837975594484,53.07686582976674,128.1819914402042
2016-07-13,93.77453357674037,69.1020409393555,81.0137485571641,54.542845869445145,128.7985370452291
2016-07-14,96.70074895407342,71.17224234248876,83.51854088591665,55.38732814234686,128.61078648067178
2016-07-15,95.58304293141461,71.56496037668964,83.48032633035488,56.45512275970812,128.73971336002958
2016-07-18,95.37276957297297,71.52788893968336,81.98890664503939,56.71353245895527,129.17152371091584
2016-07-19,97.36881870677352,74.40057306660721,84.65777920866707,57.77561476112601,129.3859227436962
2016-07-20,96.66204181082479,73.07208426541173,82.07450996687655,58.18816786483892,130.00482339832087
2016-07-21,95.9648156301146,73.2769575771371,82.34627831679565,58.24866678302403,130.9432777013925
2016-07-22,95.33155143569708,72.5149539442673,80.57034815766848,57.86296291125112,131.0076111343458
2016-07-25,96.28517709230209,72.94273498931244,81.51445962701972,57.91552884602352,131.3343435168927
2016-07-26,95.30235915686885,71.58654370477629,79.4461434361859,57.662531142322685,130.21228837364276
2016-07-27,94.86179319369114,71.65009483941523,79.53149399467847,58.550027265543584,130.2790127932042
2016-07-28,98.28833934553766,74.78793115975213,83.34019223140237,60.3615842771181,130.81230042128075
2016-07-29,96.78185088239758,72.3344504062981,80.67119796166877,57.55489100779965,130.52433859455462
2016-08-01,99.39153061001548,74.31737582723287,82.18743133649447,58.82987234825365,131.3623181540526
2016-08-02,102.11155253386704,75.9365689001259,84.56896997919625,59.8139919067183,130.7221066517846
2016-08-03,95.013467913397,71.226382414273,78.02752418628826,57.124683835530945,131.57047818248978
2016-08-04,92.10300272910904,68.9934313860928,76.2250531483356,55.57555045227046,131.55901614998052
2016-08-05,94.70857151974677,70.79191237136698,78.55862592017274,56.69853316067742,131.31449070082562
2016-08-08,94.77314664569901,70.65032835694004,78.89297663937572,56.81254412792265,131.3169068470013
2016-08-09,91.69667934448664,68.17206073554473,76.35405588354052,55.923891483288365,131.42044580781717
2016-08-10,92.53772964963233,69.14781414147947,77.18562824728103,55.71069804702018,131.17845277597195
2016-08-11,91.62556112265314,66.57768580586554,74.86665752162949,54.52867576628907,130.7686428891305
2016-08-12,93.24539308331049,68.29737921026528,78.07907351272699,56.41292392248383,130.7531554836802
2016-08-15,92.95854119547451,68.98191689004126,78.81849159169121,56.81037127348624,131.41478993789372
2016-08-16,94.62953547210627,69.5268348268273,80.12090003233955,58.40769309966321,131.82860763043274
2016-08-17,97.36627712960474,71.2983770386386,80.6728006041417,59.570458435472794,132.6794107365856
2016-08-18,96.79353941541116,70.31919419566496,80.29704582607226,60.72293523010105,132.42411507887536
2016-08-19,96.9440984668996,70.93551704129845,80.38960698861698,60.90482618954619,132.28741954928495
2016-08-22,95.91464657139689,69.94123966333594,78.62765501454857,59.775236363781744,132.16073537969987
2016-08-23,96.9175619493661,70.3104579478804,78.46638792809955,60.172912603942564,132.25569366125674
2016-08-24,101.05912387190475,72.78590313298785,80.29134466648541,61.837821319941845,132.49847970713114
2016-08-25,100.71260008753087,71.94436360644609,79.04708750341139,61.85867274956567,133.34699213085625
2016-08-26,100.64643965171906,72.0249991423468,79.71402612245207,61.51167309905197,133.70505968405428
2016-08-29,101.72396337728529,71.07114735676487,79.47596736010176,60.50405737682249,133.81054531886485
2016-08-30,102.59494976153343,70.89116092237025,80.51713699067146,60.189341216941074,134.4774679183031
2016-08-31,103.7004044693346,70.80331809737925,82.15186524710289,60.73476331766441,134.13646699508394
2016-09-01,100.70604907857248,69.3172433028455,81.33955456654883,59.91651180893693,133.54686597794384
2016-09-02,101.46332266230493,68.67145338660382,80.30694882468148,60.30623714753827,133.8879331879956
2016-09-05,100.96701105601089,68.29863944313026,79.53274857296394,60.08743175037768,133.99415690522386
2016-09-06,101.98219589869572,68.74695220145433,80.11344256858882,59.787317465024955,134.07828863904874
2016-09-07,100.39366618505119,68.02451164549849,79.3225300127757,58.82440132950316,134.54552219767675
2016-09-08,100.37759468227033,67.74834883538324,79.56917003908549,58.65687137096511,134.41503090038717
2016-09-09,102.20703071804789,67.61562215051636,80.45903180756575,59.40347024681966,134.38953783731554
2016-09-12,102.99584474818269,66.80006813612466,79.32998908486546,58.78370581250212,134.59607521197296
2016-09-13,102.91043648396219,67.2085138330029,78.88776785046255,58.28586614076238,134.93085299985518
2016-09-14,104.9560891651388,67.66018085148208,80.48311692303639,58.9718588493286,135.4255146356319
2016-09-15,103.43074375920392,66.29973775806603,77.92820170492317,57.85115988295557,135.5086394915575
2016-09-16,102.1089732319981,66.0595653540115,78.0931108606272,58.07683486485823,135.66205956147755
2016-09-19,103.0180110683793,65.8344707674732,77.51602979374049,58.47256806748964,134.54153881861367
2016-09-20,99.04112401247998,64.30214068337594,75.54894427339933,57.71081237846501,135.14774511061646
2016-09-21,98.2202586039939,64.20448433369981,74.75208219452031,57.60593873611797,134.43188650320684
2016-09-22,102.60614528008807,66.70803750174547,77.04894452687688,59.02022469476441,134.43750416048422
2016-09-23,100.92495317669545,66.20203443340236,75.95251761472761,58.173744693828624,135.66597447641306
2016-09-26,99.29251340439494,64.95924605021126,75.43044146226482,57.15394279664474,135.5368634311123
2016-09-27,99.64369425798901,64.700765251033,74.85533156763098,57.689004862355795,134.81217522524196
2016-09-28,100.6390085093348,64.80964405142406,74.84109544982684,57.48487342624367,135.60381077835325
2016-09-29,100.89704139934584,65.0766753107314,75.59926303766076,57.861983833031985,135.36626492236888
2016-09-30,103.5085059668847,66.83987832216899,78.55116498199098,59.447271501094335,135.31469937719197
2016-10-03,103.24311807640498,67.23153136668846,77.59453000168806,60.432389056287285,135.2621790265463
2016-10-04,103.40809643113398,67.68540604722615,78.24132114482188,61.01375577186793,135.6376163686455
2016-10-05,106.26362235903257,69.8238747836884,79.86845674410255,62.55112532001509,136.03413495914765
2016-10-06,105.52308849040382,69.31668609240789,79.476167441491,62.476890404028694,136.00096160074693
2016-10-07,105.21447022286846,68.068113006459,78.19959187105707,62.854468043401056,136.55824949628175
2016-10-10,104.91610233097333,66.90389175729477,79.23993382452967,61.0063102084583,136.15223761954044
2016-10-11,108.05877729352625,68.48396030811392,81.32661709039873,61.527054013854446,136.50082097760355
2016-10-12,106.18825209047851,67.58668831758236,79.22796141837686,60.62516191567148,136.22828781357492
2016-10-13,105.43141981294481,66.29700645542226,76.65921910732115,59.764572022318696,136.58827920184353
2016-10-14,104.59038459005015,65.44660835902081,76.59400972106543,58.99676926776778,136.29376863693153
2016-10-17,105.37128049926298,65.26816453224048,76.20964713849347,58.383129773691756,136.1091197371469
2016-10-18,108.83082653490513,66.57659031870656,77.43949512890447,58.85556350475931,136.84070695031934
2016-10-19,110.28461672104706,66.81040146068953,76.84114883384099,58.491431926433926,136.3276503781582
2016-10-20,110.5182701104796,67.46034368918525,76.92920696280513,58.54301413852174,135.7920696162416
2016-10-21,108.51891146369815,65.13291156671569,74.39206248985198,56.98985664089372,136.0903172237561
2016-10-24,108.4471988781218,64.63312156129889,74.2685138840463,56.22233592726795,135.98659525319985
2016-10-25,108.97830737778177,65.54717940240715,75.02775621783726,56.741034373760556,135.80614422542743
2016-10-26,109.68394418800762,65.65124536118854,73.96201655385991,57.16083390951224,135.76265376958386
2016-10-27,111.60203788293484,66.3099841560983,74.23184695350868,58.67680967735114,136.80092137393518
2016-10-28,109.86246184422639,64.7848782214056,71.53650410710253,56.67079044333077,136.32946225055332
2016-10-31,110.22850230810184,65.00110891873055,72.01152570385878,57.13963910405712,136.22435363976496
2016-11-01,108.95943507827903,64.38627948103978,71.355296164213,56.90582799475287,136.32768595054867
2016-11-02,106.38671358271925,63.47462034026636,69.21264718577261,55.230657297272586,135.90282592199063
2016-11-03,107.71671884356277,63.78325462867536,70.4499798864398,55.200490093152375,135.90973123142803
2016-11-04,106.74486319705399,63.37569610890014,70.22648805693817,54.84685417211349,136.16454465653342
2016-11-07,107.7630453610638,63.10572682481305,69.33688073540382,55.27555313382503,135.75431270181647
2016-11-08,107.24269304502738,62.69655962792516,68.76215883614006,55.786745904877776,136.31035118511522
2016-11-09,112.91727658715106,66.51079250286838,73.17003049534564,58.998565091439836,135.99238884971
2016-11-10,112.97286706856735,66.19546128745266,73.22918385730331,58.56911944131231,136.15083476597934
2016-11-11,111.09318280978077,64.98867392088546,71.26075560700326,58.674758953710246,136.53917749625484
2016-11-14,113.05218333817773,66.97744479166651,73.15854579710002,59.930894717545414,138.30088204425732
2016-11-15,115.2483320809392,66.41002643600807,73.23668182613399,60.1832239522326,137.6849922744687
2016-11-16,120.53292821499917,70.79727577086096,77.53988427808073,62.52633199869477,138.05113693646362
2016-11-17,120.76011937757669,70.89177811646832,78.5270866428038,63.00525997949333,139.5085885975518
2016-11-18,116.4946189092972,68.02526700595621,75.632461675615,61.66626508822264,139.44944603161608
2016-11-21,121.93742308687217,72.68670410928738,80.24491282579528,64.20946108755517,140.2161431658956
2016-11-22,121.65382458431564,72.9171075997184,78.92087249712199,65.09393811020557,140.55547876531315
2016-11-23,114.9676834129131,68.12453976050789,74.57872579059298,62.2870150986682,140.086307095907
2016-11-24,117.37511430727076,69.61062516712792,76.56657823069835,63.01714027102703,140.5136688149691
2016-11-25,121.74631230186918,72.08724574028194,78.7903292559124,64.52279199339307,140.3093772151741
2016-11-28,122.20330847272098,70.81486671887485,76.99580012583343,62.99071032056172,140.58555995638014
2016-11-29,124.00433205028894,72.20054270052424,78.18395979337825,63.19474999912258,140.08166624186754
2016-11-30,130.15968178105507,76.91791983168179,83.6824330948771,65.83563568623036,140.67424436888706
2016-12-01,130.8087810664124,77.0477915798755,84.59962374604335,66.50720401174766,139.72161871351835
2016-12-02,129.2184006602462,76.34347110994133,84.38603700019144,66.0350915475282,139.87058755653163
2016-12-05,123.95433877413275,73.77876932533812,81.80376701107632,65.30445204015372,140.73632977885805
2016-12-06,128.83065941872323,76.13217322113034,84.31258861124957,66.89108472389317,141.2251401719589
2016-12-07,131.19695832553901,78.76751252334371,86.18300917650082,67.95901174086451,141.28687194531898
2016-12-08,132.4023297469286,80.11902984315252,87.49641127273736,68.75974080942572,141.40553434623288
2016-12-09,131.03881839750846,80.19584908415482,87.2355619593608,69.64014466448249,141.4291661017116
2016-12-12,131.914792682555,80.84648730937907,88.40872231534064,69.46402917233347,143.0186185155944
2016-12-13,131.2752962180618,80.38892675005314,87.03586380368405,70.05920071572064,143.229410409846
2016-12-14,140.00260392252412,83.99164604709993,91.86876064645281,72.7360164610526,143.45991580515408
2016-12-15,142.7477289472599,85.44840437020753,94.2901672063322,74.10039921364059,143.32855065844768
2016-12-16,149.1629502117926,89.36586071784208,97.63754797720975,76.1668716494634,143.32765269973675
2016-12-19,139.74501335733612,83.09717307006622,91.09017865015761,71.79259755365712,143.872036902143
2016-12-20,134.51958097706986,80.44191200106188,89.13257817555575,70.96633093707405,143.80320839383845
2016-12-21,131.3910802276526,78.9841418212313,86.29367649674717,70.20204182198214,143.63538691047347
2016-12-22,131.55937827436074,79.42660900871054,86.73407813154789,71.47179407638578,143.5961619482854
2016-12-23,134.71831667520803,82.4099800322874,89.66855359964819,72.68457916915202,143.65624715479103
2016-12-26,130.08569757399854,80.46935404117463,87.55202018919984,71.4296583115504,143.98130835280213
2016-12-27,127.92850788749833,79.9445158747617,87.70955278854136,71.088340614757,143.97470408800478
2016-12-28,129.67083759001633,81.6943757843844,87.90919233072432,72.26162603576911,144.1161856176835
2016-12-29,130.6281482926688,81.27753169366893,86.60516116493645,71.44209193179036,143.97595802935888
2016-12-30,135.82356324889943,83.90093305217138,88.32144698218406,72.861768945697,144.83993434519894
2017-01-02,137.3509583622409,84.41033867014514,87.37733980991196,72.74758797636298,145.12538580532134
2017-01-03,136.57004574898565,84.44345466141023,88.77097408965095,72.23514463313897,145.20557728402034
2017-01-04,133.83643505127858,83.05409767936486,88.57857829685601,70.22472496927415,145.59362841344193
2017-01-05,133.28920358017683,82.71374007713789,89.14615950790899,69.81205236504329,145.8110829455808
2017-01-06,133.3391518421174,83.23418427070882,89.32729823107908,70.02720189100255,145.25308224534567
2017-01-09,129.5389704276851,81.47531085109344,86.92987266048081,68.35192875265493,145.40149056513394
2017-01-10,126.38982999983648,77.79591830248897,83.14166779048247,66.87475015582535,146.48629450728944
2017-01-11,131.43522836440985,82.28703066202247,88.34900848647608,68.82576712090157,146.98791598662734
2017-01-12,137.55315901235303,87.52499225480193,94.2008390846788,71.81348961193609,147.83870762201684
2017-01-13,138.39107780375682,88.1227959422004,95.25742329611235,72.18287673558414,147.73586004505123
2017-01-16,138.18787176264615,87.62533032228127,94.97784949895951,71.46888630004369,147.21209345696573
2017-01-17,137.4206071506851,86.61252288776996,95.09350361390132,71.22999605992749,147.09565298419852
2017-01-18,132.4342397088713,82.17039571134991,91.17595851403938,68.95971314228862,148.03724050746695
2017-01-19,134.31480686727576,84.54681544413113,93.25199629936891,70.30434468642677,147.76401222216205
2017-01-20,128.6510500475561,79.69515790635971,89.66929810869092,66.66980676067458,147.59731730158276
2017-01-23,131.8580822173078,83.15818895821666,92.84577937178192,67.51551401380324,148.41412514358424
2017-01-24,132.3949873967888,82.59441897281077,92.38530051891063,67.04805016890354,148.52895614659374
2017-01-25,133.65896587519913,83.1226627538107,92.53299761574809,68.32554027913763,148.67091604888927
2017-01-26,132.7780061851044,83.52267630426903,90.33569149725678,68.4026400324459,149.11500691601157
2017-01-27,131.3218554001625,82.63009635315332,88.14791568618693,66.67972273744354,149.40673253285848
2017-01-30,127.63262211239793,82.34875006075133,87.22761839408388,66.9240904251688,149.4947163791179
2017-01-31,128.0085339945144,81.8135514963121,84.59305916941024,65.82990100528222,149.87430658710127
2017-02-01,124.08300166907338,78.89165664365377,81.70898636274842,63.98612053604539,149.74682294137722
2017-02-02,119.28800829392516,75.5788246979284,79.43903045084284,62.3922699484318,149.97168263895637
2017-02-03,121.54557278600073,76.49517770002603,81.4851220227848,63.563279000266995,150.5644976041143
2017-02-06,124.52608351677814,78.19812301460144,82.13063164106646,63.50282464086215,150.25419647186536
2017-02-07,125.24669924033358,80.13954949417418,83.31944518228453,64.60224839084042,150.3899811401326
2017-02-08,121.18333903916061,78.58215611753056,80.76911555754461,64.16019792314587,150.0365724769935
2017-02-09,121.39076420480191,79.38112931356888,81.15099981758517,64.88705804323527,150.67716296281213
2017-02-10,121.40142730377971,79.24352715936779,81.76351648172007,65.8510051657847,151.25129287513246
2017-02-13,115.2017973722678,74.57124786680836,75.86805695977088,63.44452594059513,152.00173864900955
2017-02-14,113.1674321658751,74.03870281484149,74.12896251162408,62.83694552850662,152.80391842802374
2017-02-15,114.16035695622139,74.55000567341087,74.92167081723512,63.55989197888818,153.6058599165385
2017-02-16,118.52472810957309,76.4709801931522,76.52982351439464,64.02711047025956,154.24614972806992
2017-02-17,119.39120910463686,77.47391794746153,77.87087810375233,64.85721037137861,154.080835346489
2017-02-20,121.33938685411248,78.41077422225162,77.59034452285569,65.42352421150638,154.8414293398228
2017-02-21,120.4525619113179,77.8884265109492,77.8014809280747,65.22412487054517,154.37083993500406
2017-02-22,118.22446351172692,76.78650763128948,76.03162975099175,63.863657916418184,155.65953204558082
2017-02-23,120.37437935085882,78.6991945653814,77.29181867055193,64.50139613532005,155.84026646694198
2017-02-24,121.05492758473292,78.11355088829595,77.15807478601143,64.52073342145277,156.18755163686092
2017-02-27,120.8695286623654,78.08744352521626,77.25238219313776,64.66964153162043,155.53807647056607
2017-02-28,119.35064715035637,76.87996782837631,77.08803639866382,62.98622130724342,156.1462939939281
2017-03-01,122.86762068751675,79.42012266305002,79.8125985187542,65.31897598298112,156.81241442663548
2017-03-02,124.01365056215279,80.06766628468823,82.83558307406483,65.78769235024906,155.9765634276943
2017-03-03,123.64842620874268,79.60420503444956,82.82495153604818,65.54126376769564,155.69589374039901
2017-03-06,124.19503976035178,80.18020567964842,82.38119839976198,65.58311581678988,155.46384994386258
2017-03-07,122.49250236423062,80.16171150988353,82.43858174555035,64.92455437982866,155.13440448379754
2017-03-08,122.12333805190268,78.31259281045978,81.17550549756147,63.42213519275857,155.90990638055874
2017-03-09,122.81763576268374,79.40034006437072,81.57513199021187,65.09241186311256,157.11926244097535
2017-03-10,123.18558286928504,80.45041087929798,83.73875496328729,65.75858929596488,156.55761927719234
2017-03-13,122.32679281437753,81.13001966374786,84.17057785090581,66.27455876347895,157.15684420294875
2017-03-14,122.38809007136906,82.10300174927188,85.67184679636736,67.174574195986,157.03586142152363
2017-03-15,120.40080166238438,83.2027928856863,86.2653948716339,67.68520592178494,157.81435932168546
2017-03-16,117.59802252369032,81.65734915035794,85.62127935706394,66.3535486139858,156.49025619718515
2017-03-17,118.954768186532,84.22513345322622,87.50117933391235,66.85434708896067,156.27557755613518
2017-03-20,120.10400299070194,87.01839324489804,89.47199571183846,68.94915729206807,156.96549132812706
2017-03-21,118.14590550012922,85.24854762875901,89.10172057987167,68.86615641215133,156.57104148612834
2017-03-22,117.21766481305886,84.84552872974066,88.14782944937295,68.5384373272889,157.2479056940702
2017-03-23,117.48221622268711,85.97659324108771,88.98893607504712,68.38592056058515,156.98939692745705
2017-03-24,114.93460380129308,83.7387191867896,88.55245261914324,67.87750010705157,157.63928670848023
2017-03-27,115.86731306710472,83.83836890217373,88.78734634686758,67.33376224747505,157.9848113438097
2017-03-28,117.02023281162954,83.69267874963148,88.03519261709707,68.08963195790874,157.77524777659275
2017-03-29,119.00746730755074,85.41370279261182,90.84171539794859,69.28581262055619,157.376861099765
2017-03-30,116.80966945201207,84.43862378940497,90.88203406123895,69.4778070662542,157.3060904278356
2017-03-31,117.53260361565678,85.20186713555049,91.32071460978052,69.67396292799609,157.96844847153565
2017-04-03,117.94842352084531,86.70931253861379,91.49326917071484,71.08846603316047,157.98703600024157
2017-04-04,117.5675296957462,87.70456901190369,93.61494098472154,71.22044348625064,157.64221462648374
2017-04-05,114.36093650464885,87.17693593069245,93.33515495559985,70.18812577655284,159.50885566535328
2017-04-06,112.11355412653829,86.12332679523058,91.71075904535843,71.0318578643573,158.65255507171108
2017-04-07,114.28467352792468,86.43222627450025,91.29061767904247,71.9447722516353,158.54885765636598
2017-04-10,116.10500305017193,86.82781094478977,90.94498146429139,70.53113513638716,158.87198162874847
2017-04-11,115.0112844276109,85.67972017112126,88.63127990544643,70.92498013168142,158.3135744557535
2017-04-12,115.07700594857715,86.6809005526895,89.30674603810613,71.30438167373484,158.3289844535071
2017-04-13,116.01029467097578,87.40601147680061,89.47949785530868,72.45428932812857,158.11761066794296
2017-04-14,111.17328739366567,83.7708227985553,86.73532816692942,70.23572664002322,157.3213774475611
2017-04-17,110.88035837752376,82.77697953102387,85.4503834929404,69.30676625466074,157.59428328484742
2017-04-18,108.40997938141943,82.31388814331943,84.27018627641345,69.14713750050467,156.98869690868494
2017-04-19,111.25951314048297,83.67847985091925,85.64355679666004,69.24083736296384,156.59640201738668
2017-04-20,113.38674455892563,84.15507963345873,84.64376975455889,70.51148895870973,157.2958237586977
2017-04-21,113.66152224421735,84.55916355086705,85.22277345783634,69.6386521446881,156.7019167157809
2017-04-24,112.38367711948345,84.46671281477956,85.27648700825466,69.05825506862284,157.0550939393666
2017-04-25,113.2034707356575,84.66178822149534,84.54188589865403,68.70459909070158,157.72855673057566
2017-04-26,114.40811110314972,85.3074688604319,84.26491344659772,69.00999127455728,158.29988066138017
2017-04-27,113.48251282234254,85.37403036425141,83.80293694653778,69.18557745047974,158.58148053779584
2017-04-28,111.7747122273439,85.43166143539723,84.76119090899213,70.5120953316382,158.47237480633808
2017-05-01,112.87974389989523,86.14736501868269,85.50119628562632,71.41151246589304,157.71640092912347
2017-05-02,113.28266491504921,86.78724361979427,85.90189861271223,71.07221685610017,157.8170010213384
2017-05-03,114.8203177907536,88.41085909716028,88.24833865690032,72.72574030258794,158.08369851276356
2017-05-04,117.31871540253455,90.26075161034315,90.33935776614314,72.83280141381722,157.82198129098694
2017-05-05,117.82419833646236,89.98638796285798,90.10527725183705,73.38165877257168,157.29772257024356
2017-05-08,120.46299084535168,90.92475078704537,90.87963236072623,74.18786624781674,157.79702241737056
2017-05-09,121.49993966921859,90.15232833540111,89.44659788429793,74.12180189978818,157.23474630266733
2017-05-10,123.03850085831031,90.1176397004298,89.17050703608939,73.74531844932145,157.4978215925547
2017-05-11,123.695079151373,92.40125606143934,89.91657440594707,74.5167794413782,157.2518650151145
2017-05-12,124.75013008859905,92.41279838092035,90.78438373835785,74.1914830979493,156.3449964517845
2017-05-15,124.81953730488804,91.86018709084894,90.27982247300432,73.28961765930573,157.25052332197535
2017-05-16,125.27030638781528,91.43827217512607,89.72062422044664,74.03397795173508,157.60603722613166
2017-05-17,123.93088414638459,89.50991693065943,87.97422160216716,73.79521088172237,157.92426052200636
2017-05-18,124.138352039537,90.8791781485202,89.79243829155612,73.94890458907089,157.16110151159964
2017-05-19,123.57777379710544,90.63269602358356,88.02884226720877,74.18121280749057,157.10806354530058
2017-05-22,120.75246520255156,90.71149365319543,87.44547671265983,73.96252758845245,157.27922182743345
2017-05-23,119.56443815816,91.72400564135135,90.11229596513711,74.26588882021066,156.88514495170364
2017-05-24,119.41388017531453,92.39344823343878,91.50452954314817,74.75650351263243,157.81107516593437
2017-05-25,119.48415142353004,92.16610944073875,92.46626691936636,75.09997867642693,156.7131454252574
2017-05-26,117.90535527543298,90.34995417469605,89.7527109248049,72.66280586137749,157.11516641527007
2017-05-29,117.73197422428852,91.05563364265143,90.74804872486757,73.9296563413515,156.09204343990032
2017-05-30,117.10824031374705,91.63029361472444,91.59095420438248,73.85642836224672,155.25065871920444
2017-05-31,117.0298196344418,90.73168369863683,91.72144553277299,73.74756240557964,154.5675865790568
2017-06-01,118.28745194350496,91.05441150794834,92.05896655439147,75.63748814346265,154.88867627999812
2017-06-02,119.05538059588004,90.64205944768318,91.05898062901474,74.57001882395691,154.5120226366364
2017-06-05,121.71469924773974,91.62215028381013,92.82810176842926,74.42624966902635,154.1582471064782
2017-06-06,121.29286234817893,91.36327024488203,93.2033455515456,73.49378055784486,153.67726900622029
2017-06-07,119.74360035028882,90.94549959686557,91.65729318385914,73.3064931447048,152.89015477081435
2017-06-08,120.20869512150236,90.71685342749464,91.55256213195348,72.32644314246531,152.41619374271812
2017-06-09,118.93039160304164,90.00202029123994,91.06049230979752,70.9292434520724,151.8959229115519
2017-06-12,119.22256284035157,89.93205714850812,91.59632510215656,71.6390761837659,151.72944349426336
2017-06-13,118.14294905797911,89.6340457169418,91.2572047967143,71.83406540449603,151.53079259434904
2017-06-14,118.05155533779015,89.9275981722827,91.48932818739213,72.06010800142269,150.2629537321437
2017-06-15,116.46794862735457,89.69320845090311,91.43411390567564,71.70123998029152,149.922786470402
2017-06-16,117.95550929048805,91.67154052293536,93.62919506802854,72.07527265601922,150.56059739348458
2017-06-19,120.85778291423213,93.57955257427835,95.73796584481484,73.03239864173065,150.30883907790758
2017-06-20,120.30162527563644,93.54144514298449,96.44043466360252,73.20678805811188,150.26595460569754
2017-06-21,119.66022916217227,92.66370187631652,95.87881275410565,72.08254795136126,149.88051341101644
2017-06-22,118.92153336978937,93.24861665278092,95.73257729152573,72.86108167805303,149.51285998331028
2017-06-23,117.29945334929806,91.24163922280857,92.86449417406027,71.54976210659078,149.46497872812995
2017-06-26,116.73893306131373,92.61201832414197,95.50663842232177,72.44820540986105,148.7490674093178
2017-06-27,115.53465289356997,92.86364582813094,95.88447187253696,72.94516184282172,148.65004206577427
2017-06-28,116.77036390320458,94.17414606670421,95.42994686901271,72.59610988072839,147.77177619928605
2017-06-29,116.94832594793361,93.52480753103293,96.41039020164509,73.29531448163513,147.93053279903955
2017-06-30,117.30751159505665,93.54616602986925,95.22338019518853,73.37210394479399,147.1008631202644
2017-07-03,119.31117027150673,94.26666790444875,94.77113433022976,73.59267052624315,147.4210577412724
2017-07-04,119.0070916959775,95.21473853821897,95.6638250042028,74.54069760259873,147.927296193661
2017-07-05,119.56880186068571,93.88395587772293,95.63457193021914,74.15335971115476,147.06950791231185
2017-07-06,121.8732205777535,96.1649464303391,96.02014504606623,75.65647328443853,147.39806524419475
2017-07-07,121.81939180148511,96.24083802232128,97.39504621334086,74.40684554151629,147.16672892758652
2017-07-10,122.47501347768106,95.47976032061436,97.22054305694998,73.83907495198775,147.74574489253143
2017-07-11,123.14296582607933,96.50558233343361,96.94741133922513,74.56557519829548,147.4480388809213
2017-07-12,123.9209923399722,95.25564182723396,94.93897580778454,73.43254732628846,147.27828727572242
2017-07-13,123.92461091541665,95.31244199072547,95.63177632810981,73.17402604525178,147.1034288599984
2017-07-14,125.13202710036819,93.34951371142076,94.46852101963309,73.5555432132427,147.7277597390729
2017-07-17,124.34193197964069,92.99146768322437,94.83640654385309,72.61975928586114,146.70360252962396
2017-07-18,125.9595298614405,93.80695400168601,94.82430791371232,71.85493098277017,147.07136501227606
2017-07-19,128.74014596288734,95.58481747759619,98.51931521533022,72.06629723193417,147.09233337250086
2017-07-20,128.26176317822348,95.15930021892925,99.40783142890528,71.24670319279373,146.81329332251462
2017-07-21,127.20752879722251,93.59766465722822,98.41169386009109,69.88454843605673,146.66319669406388
2017-07-24,128.19117063936508,94.8455230538605,99.8792779731495,70.17616677178033,147.11552978624601
2017-07-25,129.53681669435085,96.19894441829614,99.04691865047415,69.64385573658805,147.51267345198124
2017-07-26,129.91018734833602,95.67123310525616,98.29371332716165,69.36162264457434,148.36183569876496
2017-07-27,130.13492117035204,95.51183873087987,96.19052607723334,69.02606141571096,147.99950174217358
2017-07-28,129.61024770782578,94.98003699298805,95.49251572035216,69.5659614362256,146.99285618016705
2017-07-31,124.9371904494433,93.89467034800694,93.02251792088394,68.0402776648991,146.6788286204782
2017-08-01,123.54902079450898,94.92985766364468,94.0687985993349,67.92015649606846,146.54949234261733
2017-08-02,120.59878959758396,92.9730001327725,91.8318362256407,67.75866104815162,146.29461373531413
2017-08-03,118.46553066673964,92.08053570138166,90.65878740464409,67.79744615277835,146.89145001952105
2017-08-04,116.71704065599951,91.0160932042301,88.91532607672372,67.42594422313152,148.0377747024057
2017-08-07,116.25165418086769,91.05439813176405,87.97977174133239,66.6970481011466,148.20406168991903
2017-08-08,117.23941059845866,91.39652278489469,88.36610907413694,67.64064890827551,147.25049253962206
2017-08-09,115.88961127368604,90.24386133922224,87.83421767574572,66.90619705273144,147.75624019837332
2017-08-10,113.5813964283308,89.86662400681033,87.01943069871665,66.98663934405147,147.39179736424438
2017-08-11,112.15578776467044,89.12940991769408,87.22547252370218,66.52526045156166,147.38256302599194
2017-08-14,111.20576292488916,87.59059417459758,85.97421602215395,65.7471231241783,147.785123122591
2017-08-15,111.18280721650918,88.05226585601866,86.2548395664071,66.1275382689726,147.94380164350804
2017-08-16,110.80331085972743,88.12082249415411,85.87130617268038,66.31326834168482,147.8766883299777
2017-08-17,111.1864475561367,88.39850826151064,86.4828004095461,66.59690330418643,147.99327327520868
2017-08-18,110.59412811322798,88.33895446452529,85.80072088774227,66.32474079249239,148.35458724173614
2017-08-21,112.60918314034029,89.71811387068642,86.20335860501915,67.28424102070632,148.64860230035148
2017-08-22,112.25338823411907,89.90855507367364,86.21650683191253,67.55235229337431,149.69775945421128
2017-08-23,110.85913007742431,89.87445725754473,85.26968962002307,67.22687288870532,148.10395994418096
2017-08-24,110.59254565452615,90.32237845597429,84.98672070993773,66.55289169769557,147.66617042965018
2017-08-25,111.22117102633773,89.09820650776112,85.24700236155603,66.94087341908829,147.33132494216542
2017-08-28,110.51956792331559,89.04850105069187,85.68909851367789,66.90749838065425,147.724497040485
2017-08-29,111.94429007018667,90.19104749452038,86.54553400329284,67.6116939513815,147.80625466428617
2017-08-30,112.50339373791466,90.22914273545474,88.52065501296596,67.1956054623089,148.21441196636042
2017-08-31,110.73399523617438,90.18163146373627,87.52110700055931,66.72937418465487,147.44294805734867
2017-09-01,112.12947235001498,90.75021191970532,88.67865419064434,67.19274264708817,147.2969550212862
2017-09-04,112.63375810108471,91.50041023300442,90.78009450244768,68.12880261051559,147.59688663234581
2017-09-05,114.22728562312842,91.6569970853118,91.29440896228118,67.73572536866027,147.53707626375143
2017-09-06,114.97828076634227,91.24998467637721,90.05400506070929,67.40653992086753,147.2977215150163
2017-09-07,115.55649863193523,91.37598377323076,88.51835494950396,67.20262184548766,147.40525733448695
2017-09-08,117.05446524385958,91.16545717299982,89.14724325289936,66.92874586491418,148.22460322793026
2017-09-11,118.15337301277049,91.30235641807859,89.58984672053873,66.3964041174481,147.1014943204245
2017-09-12,118.59671564377219,91.18747481275993,89.3276735512835,66.62271457968312,147.88812676829258
2017-09-13,120.47510655798688,91.44214434926346,90.06546678901344,67.33295441608747,147.99880428723895
2017-09-14,120.58468705721843,92.45272232419319,91.5682633420982,67.43355783450788,147.52237960644257
2017-09-15,122.00177154228231,94.74961706955023,94.85750181569477,67.75093436355506,147.82919538152703
2017-09-18,122.1744448322362,94.54341462325732,96.17501323550124,67.92201976139914,147.8165918367537
2017-09-19,122.97076342879474,95.42538363360005,99.08409824920953,67.90343146826714,148.4095286830193
2017-09-20,121.76816557619028,94.64680003847117,100.02071233076173,67.42957828520181,147.9579685684532
2017-09-21,120.24054546598609,93.88860897581684,99.78440886716487,68.67017663038168,148.42593453748069
2017-09-22,119.27247491826995,94.54795278186462,99.36694610003498,69.44670711389251,147.9222071688844
2017-09-25,119.1611484109206,94.34931642035342,98.01942818822846,69.79037533786664,148.0538401458647
2017-09-26,117.61171259754431,93.00311895740933,97.15903397858287,69.84481719341623,148.38106707286016
2017-09-27,117.78006573126716,93.49194401791398,95.70222520616434,70.13206769280114,148.30503980215704
2017-09-28,116.52281388881482,92.22988627527097,95.08964796680502,70.21851996434123,148.60414686468476
2017-09-29,118.52692263346816,92.47721391681509,96.22160492280695,70.21982934979238,148.26079573083226
2017-10-02,118.13714894587083,91.82103751179572,94.58289488384112,69.51502068483892,148.77917843240502
2017-10-03,115.98940425108954,90.8618781487751,94.88440017872675,68.63406111379254,148.48366592969322
2017-10-04,114.56849250108199,89.57952031697728,95.20301571656992,68.14804002122624,148.08464866367373
2017-10-05,115.03823590589974,89.2045694186736,96.73797020748742,68.05121411107126,147.99097136011153
2017-10-06,113.85237792724978,87.6629662196135,94.26776381496437,67.10905523187606,147.93079375278964
2017-10-09,114.83976112911449,89.09030093275845,94.85437504193904,67.14764577946212,147.46412952101002
2017-10-10,111.54282261875817,87.27927981902653,92.87619019079271,65.54999219322053,147.84269686716868
2017-10-11,109.34161734659563,85.76936333110893,91.72523812681807,64.23302238857109,147.7454977221026
2017-10-12,110.59254553655764,87.58848971921253,91.9781637534775,63.88809685659875,148.02559840729353
2017-10-13,110.79921358271652,87.41521681565307,91.74393838668648,64.34252728631705,147.22099771348496
2017-10-16,108.88856588134985,87.67927761418827,92.02994872768147,64.61854385916452,146.51219656444832
2017-10-17,111.07472062698112,89.85399799300538,92.42541181393739,65.25238092900705,146.3430458170757
2017-10-18,111.37127768067863,89.55558021329001,93.81350017743266,64.61338493073853,145.80295655154032
2017-10-19,110.27768519059933,89.96759804977619,94.52342937913674,64.5293207708648,145.70260222150824
2017-10-20,110.6072945763954,89.68934322350395,93.16329108622398,64.18836958419672,145.95609727141212
2017-10-23,110.93814196341782,88.43866492048178,91.8173669903415,62.961269218723324,146.4938829630293
2017-10-24,109.85610313896636,87.56577110646701,92.05794771058099,62.48556649668689,147.21639621359688
2017-10-25,109.14068318391908,85.99679780938649,90.79200407983224,62.31899174257218,147.58897382803028
2017-10-26,109.68312799111735,86.0060565629153,90.43251364932131,62.25876481224021,147.19165517072867
2017-10-27,111.27105101458478,86.60546396290167,92.54181802559222,61.69351178667437,147.44248522106375
2017-10-30,112.41328737356501,87.48566681614348,95.15303869278215,62.671032732252726,147.1399217609543
2017-10-31,112.0532842450438,87.67063350939428,95.67515661159311,62.70796449944249,147.38657775949008
2017-11-01,110.64837464423995,87.38490198677098,95.31651941132698,62.95555998972646,146.81140153848932
2017-11-02,108.06205332992927,86.18287519938654,95.44996064446643,62.86421640637081,147.47163835607014
2017-11-03,107.7321084773871,87.33300901634587,95.92342010763471,63.66742103943357,147.65289758054257
2017-11-06,107.78357988438889,86.72763185871297,95.5984908617315,64.14718860741267,147.47279123613845
2017-11-07,108.48693033480326,86.96752368289233,97.11033992362054,63.495507293787746,146.74029257467265
2017-11-08,107.5820114498222,87.81939910550871,98.36689262778322,63.31311767981042,146.8528224864353
2017-11-09,105.00064422124795,86.86452291085305,97.71678983107785,62.95141666075062,146.5508659648699
2017-11-10,104.83441519792159,85.88617011530876,97.20758155578498,63.52805634292695,146.64801296331296
2017-11-13,104.08158845438447,85.98409600110975,98.34169460826276,62.493316791624984,146.25123595580928
2017-11-14,105.45025750654145,85.89279248316666,99.10254134728629,62.41090919827437,145.94220438968296
2017-11-15,105.67910574638053,86.1401435188182,100.41995858797652,62.95007205271689,146.228475982253
2017-11-16,104.54486146336252,86.06367601995578,99.44102973316812,62.29476413745571,146.95558681593283
2017-11-17,104.1748040413925,85.53090670710023,98.3279755629809,61.27721034179472,146.27529281448273
2017-11-20,100.57627973018653,84.12162452290107,97.08127530497285,60.98176042325467,146.14458625936712
2017-11-21,99.02581563372914,83.29578198930024,95.29690512394937,60.0960674666641,146.31328383073426
2017-11-22,98.81188356295112,82.51857254240262,93.29773864995131,59.063778259285996,146.20355896550495
2017-11-23,98.1799559562481,82.90796033801337,91.96469043899228,58.61138489481507,145.94808142186392
2017-11-24,97.8509933667241,83.37796286502417,93.37207370891464,58.7432856900766,147.02683750604578
2017-11-27,98.44056784754785,84.18339476252513,94.47087262768359,58.63391811976897,146.56438261551304
2017-11-28,97.14366454964181,83.81068106215216,95.23121801617374,57.78641410046759,146.71868947930517
2017-11-29,97.23629293474568,84.23421523893636,95.87502331445872,58.505356801759504,146.43755495914615
2017-11-30,96.81388687269796,84.69924436571858,96.47751602992541,57.9353928786839,146.3574782345908
2017-12-01,96.23989220424029,84.20438960531276,97.83749581205495,56.74079370878851,145.16099456939244
2017-12-04,95.95634108225843,84.52134151256465,97.78432999331352,56.921446426274194,145.5819650883243
2017-12-05,95.89040822131528,83.17366208101288,97.74029085978312,56.55905202529732,145.4443954982364
2017-12-06,97.31631342284835,83.66449642590366,97.51439611941657,57.101856392388896,144.92355583414982
2017-12-07,97.2239399805322,85.33143760534443,100.34726792668909,57.252335946468804,145.7393486070278
2017-12-08,100.27748260178937,86.80908433304899,103.61983879175068,58.65683197267805,145.5680823613389
2017-12-11,100.82453869970185,86.84542461546349,103.50740613289268,59.18406271191946,145.22602501935242
2017-12-12,102.09380563116429,87.58410294319715,104.96139208995527,60.05137229396812,144.76696709715486
2017-12-13,101.3858478647377,88.19743329969194,104.41677375813019,60.45831435807871,145.2786146348973
2017-12-14,101.70468506599171,86.32960691466901,102.51681100645094,60.22157334361321,145.26368367270746
2017-12-15,102.26830521701591,86.82869501482237,105.2516047472952,60.407164589391094,145.07671882609114
2017-12-18,100.66363627305302,86.18148608745109,104.76969828983805,59.992146974355286,144.37635491286147
2017-12-19,99.68535437152723,86.66988451322818,105.21641862422047,59.825882990262926,143.89135769138747
2017-12-20,98.42233482191929,86.77847609477203,105.3078593288728,60.211302543445356,144.0358424086484
2017-12-21,99.97534669713451,88.06359134269867,108.5485755314781,60.488130689013445,143.9957445902286
2017-12-22,96.77689686242952,87.57260073568636,108.56537416751797,60.82632963673393,142.95568996971417
2017-12-25,98.91531586315583,88.4425693856803,111.15247027743511,62.25262269943194,142.49001017946605
2017-12-26,99.49671374283795,87.60485266103834,109.8566603439318,61.94643079271227,142.57405106757074
2017-12-27,101.17697958348701,89.0121202808169,111.57866882797678,61.976915935156065,143.88998810671086
2017-12-28,101.6009531348042,90.8933377093626,112.29912888995581,62.04206400352662,143.48194612485074
2017-12-29,102.27516211039574,91.5300734980985,113.56924040658119,62.835467228186644,142.3408194171512
2018-01-01,102.48645173162723,91.63772944337794,114.10757538179772,61.06552700309107,142.69382681168017
2018-01-02,101.66651649327683,91.0817810340415,114.31488667027392,61.11862450255491,142.42542549020482
2018-01-03,103.41505477693462,90.93979353997058,114.72378972228259,62.00497273285536,141.73945702714767
2018-01-04,102.07230865146377,89.0844278011243,112.57094881903281,61.78322948961529,141.99018615519645
2018-01-05,102.75141231936593,89.07474158443466,112.47872237606053,61.8711448067006,141.8458188051925
2018-01-08,102.08693293262189,88.85311080807907,111.2523207967385,61.08611292098756,141.33935823701654
2018-01-09,101.92068167782413,88.66025519928276,111.10468084899851,61.03338418406762,140.66316469011937
2018-01-10,102.17224476434119,87.78874386092265,111.38989725953591,59.72938496862664,140.57384273378923
2018-01-11,102.94678979013287,88.45532815825409,112.84853387568714,59.596858693316626,140.58776978632278
2018-01-12,100.6912272725541,86.41561926347117,111.204362330717,59.226148898532514,139.68708564298123
2018-01-15,101.56315650272765,87.10436248329248,110.54164860720329,60.694778730484,140.14107588615653
2018-01-16,100.3779959213333,86.24032220710956,111.29917565265386,60.424982484655146,139.4915480366366
2018-01-17,98.11658103114078,86.42758216579149,110.80454666290007,60.25120414432147,140.14853573030612
2018-01-18,99.01664709631616,86.2654741546567,109.87048815128037,60.446618709398635,140.28275578141708
2018-01-19,100.99391803171476,87.37709575613798,111.78243937845221,61.265606791198856,140.16258847856886
2018-01-22,101.60247691068834,88.415776916163,111.81541247150268,61.70987504072445,140.2987555917504
2018-01-23,100.6077546496586,87.61748642278071,111.81513577922391,61.03886611906009,139.9793981605291
2018-01-24,102.30801887327267,88.40737582239936,113.5854444572618,62.25004224847077,139.91883987299914
2018-01-25,103.93031231266335,89.58119037600748,114.55705630881275,62.45796158193887,140.69903024582922
2018-01-26,104.55513158354739,89.84747432169937,114.39194002515632,62.553615269060124,140.3894269264739
2018-01-29,101.61047948160271,87.36409207010729,111.55534527300226,61.37390778471475,140.76283649860852
2018-01-30,101.09392915404558,86.3215840097109,108.58915793680026,60.84765785443379,140.29284748738093
2018-01-31,103.04538616033608,88.52285096380702,111.45138638054641,61.85547552598548,140.2548560897461
2018-02-01,105.48156087748744,91.0148675715917,115.20264646072668,62.35421472952014,140.7003384347929
2018-02-02,107.46201848197417,91.71259239692489,117.27700409006661,63.06102953726889,140.08142402848077
2018-02-05,111.45037366325445,94.96534227232105,121.51882918849822,65.1309711475157,140.21770349283923
2018-02-06,113.65748019321443,96.44173341416617,121.27746389113759,65.28055502303982,139.13820588339917
2018-02-07,115.39890796536179,96.89116200964088,120.39050399885669,65.21118987690922,138.55273891471685
2018-02-08,114.54073782308957,96.26534320144673,117.60413851205031,65.32902389687672,138.3220375636454
2018-02-09,114.44543021853106,96.86634443658316,118.0213535387313,65.89606983979321,138.72184829399507
2018-02-12,116.62285618176536,97.62108668574136,117.55378801666869,65.6397010652286,139.0422043273405
2018-02-13,117.68360855804572,97.82222599055852,116.51547964217266,65.30130649684833,138.56992105746272
2018-02-14,115.34495898657468,96.41712639186369,116.00588611686224,64.4937658856112,138.47818273587654
2018-02-15,113.25411292671855,96.34991064648175,112.90433733507521,63.846036673729614,138.54028874936756
2018-02-16,111.83636680687965,94.8169961852458,109.850335903409,63.06976013200074,137.75610857020973
2018-02-19,112.75656297681334,95.69625600384587,112.08752132071238,63.69917179970406,137.93246663542763
2018-02-20,112.53063218691682,96.79135235497061,113.68843314152748,63.344691717869786,138.55804859068382
2018-02-21,113.08032276988132,96.59273822966979,113.94009412197677,63.5882739229765,139.134283059444
2018-02-22,111.06880487343285,97.29509419210729,113.00934395271625,62.46443224303244,138.8186227226251
2018-02-23,110.44334452792658,95.74039022301505,111.98970997689726,61.43252007569141,138.5924159481078
2018-02-26,113.34596509499228,96.20486996250904,113.6160212064417,61.29556517666652,138.11125607400297
2018-02-27,112.76862414826417,96.82116211164619,113.61505118494719,60.948760249914,137.84407525403864
2018-02-28,109.89889156337279,95.47254063831457,112.6389268573956,59.67336821975762,137.69576187060431
2018-03-01,109.72365481572832,95.25360895054601,113.52037604522549,60.14716471437692,137.99685284271828
2018-03-02,111.48883464018127,95.65126768741986,112.81701550144425,59.974616226828324,138.00879002596665
2018-03-05,110.7458909457621,94.52551558724848,110.85488026648105,59.37517791985917,137.5333082812144
2018-03-06,107.9695535740935,94.63087384504175,111.50903939843369,59.698660919659204,137.90056039710944
2018-03-07,110.75727483148567,96.52830724479661,114.1106081161775,59.85975535763196,138.29836349381227
2018-03-08,108.80107434353137,95.31845109465836,113.68972475481065,60.094488713892815,137.97534627701185
2018-03-09,112.93225964678413,97.80113283112156,116.16346301934965,61.173254345624784,137.82843490887186
2018-03-12,111.23117862703494,97.37666309089548,113.42835454333226,61.01533507744973,137.75134899854535
2018-03-13,112.5139335465049,98.04857580355066,114.69385772066671,61.29709814026717,136.93339920293766
2018-03-14,112.1125602065415,98.2185526893502,116.00496731240067,61.3875525062031,136.97079808552647
2018-03-15,110.83948462423065,97.67336317132896,115.13526360338695,60.89959139701562,137.26612034846286
2018-03-16,112.47522296716718,99.00913529072794,116.74623427703996,62.387933359439074,138.1772198761202
2018-03-19,116.39869192183787,101.66554821086235,120.61548674740821,63.43610904375914,138.24264123654424
2018-03-20,115.02565930446282,101.46694454076031,120.17559784926048,63.58299425746493,138.07732184180645
2018-03-21,110.63333824383615,95.99540965439596,115.01982105586409,61.0803722482782,137.97864582704509
2018-03-22,110.93079295621902,98.13406236944871,117.26229670600712,60.94360268215452,138.24693507715702
2018-03-23,110.47431994420624,97.91344177108394,120.74839097570349,60.76230076126681,138.60561378257833
2018-03-26,108.74477254395441,96.37570563949242,119.05213860057388,59.631224306314266,138.16259040764325
2018-03-27,106.70262250817544,95.35503647382328,117.82465244875266,59.7820036234777,138.22872979248797
2018-03-28,106.25092748120662,94.95203530338404,119.41339640240203,59.256436025470414,138.51847639369012
2018-03-29,106.36485977859576,96.11138536338282,120.87408726836311,59.46890167474852,137.5217302323762
2018-03-30,108.99034226957885,97.59088786971132,122.92135164954774,61.37220295108593,138.1568163169112
2018-04-02,110.2315830704005,97.99860198611864,124.05815633254407,61.61542433348664,138.02710280146678
2018-04-03,111.93191794118387,100.05618960239859,126.35038705261672,62.23258129268178,138.42224786324581
2018-04-04,111.01684554685181,99.00874276485719,126.20502923214698,62.20236196111776,138.3736827234362
2018-04-05,112.57410687333523,101.35695046485289,131.1899462380114,62.61259868449039,138.22863641270823
2018-04-06,112.85502949078419,101.4534357122904,132.2419294296632,62.549110568084686,138.16620949564717
2018-04-09,113.28738618218792,103.19736715284324,134.25447076400204,62.7072257511565,138.2795472501053
2018-04-10,113.21795781399236,102.66649241839457,133.79947270679628,63.05971113953316,138.67500969431063
2018-04-11,113.48759703592732,101.7612384698926,130.1299372148468,61.725570218679024,138.52132530609668
2018-04-12,111.43750800067554,99.73294359649792,128.54696982435422,59.63092405368903,137.95382685940234
2018-04-13,110.66125923993162,97.80962723754796,124.374755986831,59.135190078016784,137.59161367506724
2018-04-16,109.97281950254099,97.62280947973923,125.29017841715881,59.06986465254771,137.09723251272146
2018-04-17,109.52793701235532,97.20299124220215,125.50373466391385,58.89189637082952,137.43756539555642
2018-04-18,111.41937960683033,98.97131632681138,125.45290273481113,59.76590403083557,136.95273288790312
2018-04-19,109.3641387756132,98.23205167680668,124.91885470832595,58.89901950140437,137.65880766764
2018-04-20,108.93360857035341,98.92532493928631,123.33897915179483,57.97545635997333,137.69729161602336
2018-04-23,109.09581897825625,99.25561472062448,125.6775956427236,57.814972117452314,137.630595458502
2018-04-24,106.79947942041149,96.93466324194398,122.22754215497795,57.36154762662288,138.23696643010697
2018-04-25,109.34485356839684,98.82525827683345,124.26105428155793,57.50318514760093,138.03570101591274
2018-04-26,110.63626054102238,100.03229963415556,124.69838582434198,57.55085611776796,137.86952459465118
2018-04-27,112.02536734525039,100.81800741965719,126.67965597348218,58.23745290560959,138.2227444877386
2018-04-30,112.93505048485193,101.453354217188,127.14539434029648,59.455021465056504,138.55778052255937
2018-05-01,113.5349720046473,103.05717584569997,130.40630658057097,59.56089791991448,138.05199376769616
2018-05-02,113.83025123319017,101.78144004136833,128.89385085433025,59.007823393961246,139.22176592911487
2018-05-03,114.16714685050317,101.16995774066318,129.92687282688814,58.63023807258118,139.47610442633012
2018-05-04,115.33250691772923,102.74632589333838,131.06699774081537,57.99998647668709,138.84250434298764
2018-05-07,115.25302173808205,100.85562453067966,127.41641473208549,57.67770305276181,138.73559519115526
2018-05-08,114.1383524804476,101.39152223880414,125.96404596671935,57.511596604187986,139.16388022476357
2018-05-09,114.7466960245974,100.83363216954879,126.24744611044683,57.74986747807153,139.24915632174753
2018-05-10,113.29601126591224,99.53442549136176,125.33974682030656,56.37668384156373,139.64571386537455
2018-05-11,113.89701655346435,99.76388198622855,126.27829359914922,56.412099331580315,140.78540564162546
2018-05-14,114.65298602114744,99.57597571032098,127.8979096176187,55.27850862349373,141.22371250396836
2018-05-15,113.5978709410185,100.41538242566617,127.16351718198031,55.528598353518674,142.19874530272452
2018-05-16,113.42940984886498,100.01481671767164,126.30516378207659,56.45433447727126,142.51740914131318
2018-05-17,113.54750564372425,99.47883162610222,126.65200665821655,57.01466766363102,142.16610248423643
2018-05-18,115.84338582169767,100.57130594763555,128.24020562500388,55.943200742944796,142.90056909171096
2018-05-21,115.73708485003047,102.1726391319761,130.76090891776568,56.913741401589554,142.5319256649813
2018-05-22,114.15260019401234,100.86565593293508,127.26361199088876,56.27236713080994,142.99168487169618
2018-05-23,116.06648934960924,101.1549435139442,128.7286042937325,56.97834725032389,143.30128051442944
2018-05-24,119.42771219880248,101.07304543395499,127.62511697858514,57.10412465319201,142.86023681193836
2018-05-25,119.09373544038414,101.15550803794923,127.61829881420775,56.41896829120696,142.49217574246492
2018-05-28,119.12445920096263,102.16207571782489,129.1450591099416,56.131264268157445,142.3887442064213
2018-05-29,122.95564712185683,104.18640313155652,132.63811134418455,56.55396911740157,142.57391321076315
2018-05-30,123.88480389551219,105.0351856352373,133.36434041805657,56.9496397191694,143.2264428440644
2018-05-31,125.41412613999611,105.56404829572958,135.00299117029857,56.27190199124254,143.2513269225287
2018-06-01,129.1037362374488,107.22907480834576,136.7490002520435,56.2028456058616,144.19578033046645
2018-06-04,128.25904309165185,108.35646080429309,138.41350427615984,56.73596463809019,144.62679065525683
2018-06-05,127.14835155046555,109.65599814448741,139.35433550666707,56.38575283039344,144.29325196118975
2018-06-06,127.69217219921751,111.95170036109756,139.6567546283491,56.99620120908083,143.9726467060358
2018-06-07,126.52483238522088,109.56971889570745,136.87232666063016,55.65847827752337,144.00787009243174
2018-06-08,124.31076385637141,108.2803132859473,134.10800816060055,56.05402908788756,143.73915657172913
2018-06-11,123.24001389788354,107.56918491084444,134.22263430692405,56.20942744351303,143.68806834099226
2018-06-12,122.95749635995764,107.60049937928918,134.67670908849217,55.84310158403891,144.07374394868515
2018-06-13,126.3686720977585,110.04323079726007,137.83249789601598,56.3974119628601,144.20123494864657
2018-06-14,125.83375247960869,109.4894174274105,135.72764517455144,56.149101229114585,144.6907645164138
2018-06-15,125.41354640336829,108.13561790642596,134.95481060636004,55.93633646379757,144.33952684730426
2018-06-18,124.15383976617085,106.07042173204235,133.51581299556034,55.13341381486031,143.90217883389943
2018-06-19,122.16336766355589,105.75964124031923,132.8009791576686,55.35797288019405,143.19763045882266
2018-06-20,122.80668523974269,105.92816584713918,133.31307418079808,55.749747489344834,142.30639379990257
2018-06-21,124.68484822417463,106.96659216194864,134.41160306025157,56.12816550818267,142.083231691261
2018-06-22,124.50146758778243,106.89712226649412,134.47460396058074,56.281727123157324,142.11737155296564
2018-06-25,122.85931796461686,104.26632909404144,132.46562951651933,55.65666721584576,142.01886509305407
2018-06-26,125.09143546388117,105.79828764485202,133.17443645726672,55.90345561989135,142.02331863460563
2018-06-27,123.09910072843344,103.77080395003048,131.53119847492474,55.020511806742164,143.04488964518274
2018-06-28,121.89141083336554,102.37189381028635,130.88226935637203,55.53486047867106,142.50215412297868
2018-06-29,121.23473138938765,103.39979226368222,130.50587939888715,56.0886698944944,142.3706462500027
2018-07-02,121.48373942205988,102.52305559755341,129.6627989632613,55.98901040062294,142.130602712482
2018-07-03,121.6946062014516,102.05222309098443,129.37562635386598,55.55219061706157,141.6829894361251
2018-07-04,120.52966930818366,101.46652890055441,130.03663993342633,54.521690929196865,142.35911521076665
2018-07-05,117.24721830920576,99.18695998241459,124.99044961271744,52.898409193594276,142.34743284579713
2018-07-06,117.2709488189201,99.00834157125057,127.58961639859012,52.87665767498133,142.97749617348234
2018-07-09,119.68222440819554,100.54515944576903,131.0220275759907,53.55821941351402,142.41930125584165
2018-07-10,118.85531576428698,101.238306379465,131.5746404677605,53.1932872564156,143.36300974334583
2018-07-11,119.4749039257956,102.26616081588698,133.5857753804796,53.612416937089435,144.51006187751113
2018-07-12,121.23430260948646,103.3288124654641,136.40300750786892,54.034911605388814,144.07627502292266
2018-07-13,122.60492770905529,105.73694408483128,140.6379181880072,55.00140583397224,144.0776403126519
2018-07-16,122.55674369822862,107.17418985226024,142.236158983544,55.53635982039793,144.0192829015097
2018-07-17,124.67140175531691,108.36112450594489,144.72376285017953,56.41851733520012,144.30849964720602
2018-07-18,123.8538053171045,107.71760872393519,144.69600339248282,56.79255397030397,143.66070951114864
2018-07-19,126.36406793696644,109.54639729573368,148.12514613469082,57.07563298231069,143.90375516092075
2018-07-20,126.63080554909689,109.76187296656434,147.9860236320078,57.089547685971475,144.27832314633565
2018-07-23,127.23684152692198,110.43936528966817,149.23554128800293,57.67849304521966,143.98390536671232
2018-07-24,125.32323464530997,109.41821040444783,146.62499205892544,58.45091990593887,142.85566225905782
2018-07-25,127.62664977473787,109.79110142607011,149.50986533377394,59.61964752447933,142.52447886175102
2018-07-26,131.02148509067496,112.08373550529265,153.58446514475074,60.34439278439998,142.33625506862728
2018-07-27,132.51529008306036,110.55155184842596,151.89099277993998,59.53167496367651,142.7264391304564
2018-07-30,131.84954472732974,109.8481647801618,149.78336244950313,59.090436850120696,142.42666385541588
2018-07-31,135.58936698718537,112.99751129175033,153.43500786537476,59.89170179940936,141.86376465641746
2018-08-01,133.04897746591365,112.9657587501024,155.83110227266545,60.11140101193618,142.18000657738688
2018-08-02,131.07055860709946,112.43924629686657,154.89612212081838,60.649023372631525,142.3744317546514
2018-08-03,129.9561897490042,111.6827156882116,153.5388791737854,59.751877098628206,142.75045592772204
2018-08-06,130.95186795834206,111.64400912368164,154.05580036000111,59.03661980591769,142.78379013091165
2018-08-07,129.6460354285122,110.46546481410256,152.01206646905607,58.155782762509524,143.32322316779351
2018-08-08,132.00041155373995,112.57141373124675,157.5291144596892,58.8193802705481,143.59110483535673
2018-08-09,133.6314217228311,112.9463148404372,158.18996863267316,58.7523524821074,142.7073639172483
2018-08-10,132.52981926457358,114.29128305382557,159.47009781793324,59.101602655023555,142.81754881031284
2018-08-13,132.46222729960263,115.12608483354536,160.00921488251436,58.577430311970055,143.21554445762817
2018-08-14,129.45327624786032,113.08061655483345,157.53993091674684,57.96487279278113,143.24526130136647
2018-08-15,132.48278186765975,115.00345339120945,159.95341329304514,58.497982081060286,143.9911030784977
2018-08-16,130.93150969259634,115.22920471425175,159.33840630166884,58.154733937558,143.7733779202171
2018-08-17,132.5444695773899,115.34200784330679,160.82742047469497,56.56115656675927,144.13682640930924
2018-08-20,136.35246697296137,116.67675114250606,160.11548380745347,57.306897300196354,143.529940369809
2018-08-21,133.71607674452352,115.29842646198449,159.43111779602648,57.06116420678888,143.54191645828925
2018-08-22,135.26752118558798,118.2382716574266,161.23890511952536,58.741287735739576,143.27825473689785
2018-08-23,136.56484290733812,119.36739166560437,163.01474015032827,58.173150059435144,142.78935358123815
2018-08-24,137.2940834269854,120.56654470676816,165.0374391183844,59.3985474439806,142.15001558243395
2018-08-27,136.87988439992682,120.03711485725287,164.45293279188775,59.51989027985679,142.2735160283268
2018-08-28,138.10167353202627,120.48985009686876,165.20651744248764,59.96348442108687,142.49914746088132
2018-08-29,138.86060898499036,119.77409561568496,167.2618712017482,59.34749196958734,142.19527840907526
2018-08-30,140.50598713303108,119.96565443567262,166.1256514517802,59.988259907170495,141.5931660620268
2018-08-31,140.95800506418007,120.75299388904033,167.78027457172774,60.231889825205386,141.17167283797448
2018-09-03,140.8299826054937,121.32436180254315,168.00325462263973,60.10246642183734,141.5602138345801
2018-09-04,140.8782782303995,121.44206073199129,165.86911373983946,60.645706616580256,140.97811864649205
2018-09-05,139.28587932197837,121.38873125108533,167.79624621827153,60.27448304452885,141.55332296107136
2018-09-06,137.94743400783517,120.97019004628167,168.04651976749932,60.15552792007897,140.7413165892276
2018-09-07,137.95352853901846,120.39606863123716,166.59124424855375,59.78099807847326,140.89163911556807
2018-09-10,140.4604691291806,122.03772497924132,163.44797703295723,59.71090881692233,141.23355237738608
2018-09-11,138.84216711115437,123.16686438772801,164.47748371310385,59.54893602400052,141.85153337514106
2018-09-12,137.69802813983063,123.19100733239306,163.57817611057558,58.765614870729145,141.65183016484053
2018-09-13,136.42715520373898,123.86947198192968,162.1074048906029,59.72032993482881,141.28639409940868
2018-09-14,135.74670688179725,123.52375583284586,160.73496407802864,58.82198600417096,140.59786230036147
2018-09-17,136.3783729580928,126.40000722712712,163.9779778175335,59.61626205693006,141.0595068778795
2018-09-18,137.56731318076157,126.51553683650492,162.35174148911602,60.40414484495585,141.0094206936059
2018-09-19,138.81965973577636,128.15251872102434,164.16099646282407,61.32590544349762,140.79657462828297
2018-09-20,140.66157765525352,130.70333766153192,164.90870641887759,62.46505141344451,140.60383571061516
2018-09-21,140.3963311108577,131.3818542121609,163.33106070987452,61.88881824346677,140.7424660262832
2018-09-24,140.69572577585961,129.49859877434568,161.7151205368472,61.405200025094956,140.77240475965036
2018-09-25,140.15898112384656,129.30481106203325,163.1472812664935,62.00851749849704,141.36889786525342
2018-09-26,140.5999667835411,129.10794191736375,164.96232193388403,62.72053288515986,140.3224719844603
2018-09-27,143.52934651999675,130.39290830574973,168.0901689308259,63.32698511118284,140.75216326054408
2018-09-28,142.69892219605026,130.30209789864696,166.42047448357843,62.9945611418565,140.50451349770674
2018-10-01,143.02387889543672,130.9936631132256,167.8896381187242,63.17537370056381,140.48057681731555
2018-10-02,143.58426632910871,132.18137118945174,164.70048910653142,63.228564496407294,140.34076583793916
2018-10-03,143.7741483034364,134.05204933365607,168.0269214061366,63.553467090220494,140.31377993355198
2018-10-04,142.0373607300494,134.17155173257484,166.5488182766513,64.51211499858054,140.70021131106412
2018-10-05,140.70067588308353,132.77811522329336,166.24729661919434,65.12972603252243,140.82451752959147
2018-10-08,140.8425908830081,134.37001265172844,171.48279173521792,64.82808437785742,140.13069662150608
2018-10-09,140.0601648597359,135.3539629162412,172.16758743985136,65.99435701599788,140.11319354889187
2018-10-10,141.05686588514038,135.43489196416945,172.60190388700528,65.84671918724978,140.08086287015192
2018-10-11,142.6034447995865,134.47073772703357,170.5127308907023,65.99663730194885,140.2787818895895
2018-10-12,140.8137977128784,131.4328488776273,166.56765674492576,65.71061708816342,140.3147945040311
2018-10-15,141.0077847913778,133.14258259170768,167.29237951239233,65.29241100534013,140.29144631177672
2018-10-16,140.3669226099446,132.20126993460053,167.6844323227207,65.1063330115697,140.81222862900154
2018-10-17,140.83458562721594,132.9874789014279,169.67510549756486,65.79500615646165,140.29318302227026
2018-10-18,137.9726978323895,131.092529306097,163.59927151859873,64.8673990076008,141.38424562685248
2018-10-19,136.14369695775082,131.50959477358737,165.0800935162324,64.57691807779989,141.12239088722276
2018-10-22,136.43240380577276,134.8205932090241,165.9351392560242,65.06711234259787,140.62877348167953
2018-10-23,135.09143627804838,135.11753645935264,167.946013602201,65.31165677842449,141.03212160637278
2018-10-24,135.93818081422995,137.88455171225823,170.13981209040736,66.18549991395251,141.58095357298316
2018-10-25,136.22430951489343,137.81339362383275,169.7422079821989,66.58320681933287,142.21983771435822
2018-10-26,134.2212798675994,136.07753627830067,168.1272182800248,66.26505825560506,142.96583025816878
2018-10-29,133.69317575724867,134.6502252923113,163.11518116484635,66.02751561298719,143.22316874017113
2018-10-30,131.33590492161107,133.9266561716451,160.19312447101382,65.85092191487018,143.27386355166064
2018-10-31,128.2539426070532,132.7331390853486,159.14129614477704,65.83144167742586,143.48169299211978
2018-11-01,129.0166571652451,133.153592536651,159.85865113565373,65.80221398822566,143.49889687342107
2018-11-02,129.07587913640825,136.0111814504932,163.58663352950757,66.8019599778498,143.24566998354084
2018-11-05,128.42916443701716,135.2912809099494,163.37674746306237,66.5254226082269,144.07170847282777
2018-11-06,128.00157582296174,136.53538685026754,163.6232956778972,67.11185239610425,145.01057884023538
2018-11-07,127.1842068821015,136.52238692654066,162.83981657339572,67.3530303127212,145.03456816043555
2018-11-08,127.81653530634078,138.08679809194842,162.18138752202756,66.54986107467387,144.9380135515036
2018-11-09,125.35709863672425,136.3043454297154,162.05288435664588,65.82135968355574,144.70933594869138
2018-11-12,128.0684391499046,139.2827361784185,166.57089835492386,66.39781338060928,143.87951822562155
2018-11-13,124.95239189730813,137.21742364523362,163.19682991861845,66.56745724296313,143.5589532539984
2018-11-14,124.48687542479252,136.61279560140798,163.60463052369815,66.4591114729536,143.32018308397147
2018-11-15,124.20644796201145,136.49895928424624,162.46289080153375,66.08722126054984,143.3308633010843
2018-11-16,122.26227918122092,135.38333311002623,159.30960675592257,66.02786285809896,142.8501677439279
2018-11-19,126.34247321696768,138.7369526839868,162.0013612096906,66.56827709211652,141.92299171527284
2018-11-20,127.16785913701645,138.59138580478347,163.79063088589461,66.17044243654385,142.26861843421307
2018-11-21,124.56277117663377,136.58493965175458,160.5677674745863,65.16201113086692,143.14985661948768
2018-11-22,125.88566559295514,135.1731515773862,161.23534165030534,65.40380691772933,142.10833877511052
2018-11-23,125.50207523077785,132.9235120475918,158.40826489915435,65.17699909496105,142.06144017670445
2018-11-26,124.96102160338924,133.69077997003674,160.58429358699476,65.5454390367919,142.5092905778087
2018-11-27,125.66846740753836,134.03776778029004,163.49594146318321,64.80662161584395,141.95027365491927
2018-11-28,126.78724353632795,133.19488778357345,160.5994312395014,64.57416645569819,141.26014358498523
2018-11-29,128.56698331511834,133.40264964477507,162.04340088130095,65.19902588407571,141.29863483966318
2018-11-30,126.40341692915453,132.59763508980603,161.76670470301218,64.31465050756033,141.20528752683254
2018-12-03,125.85941566346214,134.26435952191628,162.36738388042806,63.82417591380127,140.91292213986225
2018-12-04,127.28708569761642,135.23681305399649,161.7595498072296,64.29697556171014,141.7482623010776
2018-12-05,125.67803038727341,135.42018021446324,160.41555033486975,64.04204137835244,142.5166231028708
2018-12-06,124.79493991560506,135.64299974883224,161.96084008574311,63.75556450890444,142.867382987359
2018-12-07,123.10384952859452,135.35036265414215,163.7561343942193,65.06014971395302,142.85801136516102
2018-12-10,122.84539704845155,132.75876946905066,161.12853664533569,65.45490607815398,142.71966107485113
2018-12-11,119.5488550487954,131.44855237615053,159.00320547169537,64.5129956198746,143.18741606682175
2018-12-12,116.84820414886859,131.13925182519344,157.21364810048019,63.6894662370576,143.09595911811775
2018-12-13,116.18386520282907,131.7736614099669,157.1379251113796,64.37496348085745,143.87020799703504
2018-12-14,113.43434165964385,130.36202877372978,157.1564932968351,65.81379812675894,144.52734534379462
2018-12-17,112.76351671631292,129.30595105090708,154.6990354941176,65.3945664237579,144.2501756484036
2018-12-18,113.37659500462725,129.77499925305182,153.99864518270525,65.09813770406252,144.66401981433586
2018-12-19,114.90007665642554,130.75992723130832,155.98740219645606,66.10114329709353,145.49001363817123
2018-12-20,114.11874642642752,129.27393191672166,155.39015507626283,65.56033417750928,145.85511810251225
2018-12-21,112.5945135324564,128.23833246735822,153.95848827875778,65.0788696577493,145.4049772539823
2018-12-24,111.36387094473702,126.43314728013335,154.24022478847564,64.69278138367079,145.30126152334972
2018-12-25,112.15998312629077,127.18345194917597,157.47204476502185,65.42299403431096,145.1617773194568
2018-12-26,114.02827980741944,128.6759354736243,157.56729334061973,66.30925431878619,145.2575354561622
2018-12-27,114.6390137097633,129.1626109965936,157.09329589102552,66.99443011118643,145.30858465668564
2018-12-28,114.8215464105945,129.53217366897525,155.5046569755743,66.65950971312782,145.16528952526485
2018-12-31,116.21660947186929,130.7770883748212,154.85795172816614,67.05459737967938,145.6389801978658
2019-01-01,115.46492986535858,130.757233468297,152.7499572633427,66.9482131190011,146.3686141827144
2019-01-02,113.83608236127529,129.92997158484204,151.53359511657,66.46731901370924,146.11898887012663
2019-01-03,113.073298339823,129.88075424308053,152.43538448473063,67.2111283014814,145.4059317013564
2019-01-04,113.40532632075677,129.24476551847803,151.2306211476797,67.12481964478397,145.63576915499078
2019-01-07,113.99392096992287,131.82125092964162,153.5002267843371,67.7802120507967,145.68023769253747
2019-01-08,113.7104245050824,132.73819927533827,154.95449120387235,67.3056668028699,145.93795081800263
2019-01-09,113.81225387874727,132.85317912494986,157.35437135590948,67.29493118672278,145.63243177727946
2019-01-10,114.94491165329153,134.83414386647428,157.90219639918317,68.69858599770745,145.82539093175896
2019-01-11,115.57831581828653,135.40649607900556,157.4918438908943,68.44412523612809,145.40637101584647
2019-01-14,117.44598276016708,135.19467484236617,157.00814512578128,67.89744794437608,146.00834099724705
2019-01-15,117.08540019558778,134.41960397624524,155.1048888096835,67.79009752893631,146.91735114987233
2019-01-16,114.96785630943718,134.05710332618432,154.6014109426666,67.17657269419102,146.4876504378545
2019-01-17,114.77185508291706,134.28117417037242,153.1210186721672,67.22823741508216,145.2100248452238
2019-01-18,114.5531702047549,133.12536298703458,153.2553972932282,67.18411738672201,145.0105926354406
2019-01-21,112.36085823006357,131.54974547296993,150.52257405805085,66.78810827445851,144.79335573260516
2019-01-22,111.08564286343675,129.43593767484302,147.29412476483554,65.7861185414979,144.9432807779278
2019-01-23,110.91001445466932,128.64649034059298,143.52463242900063,65.46186056260731,145.00510728476178
2019-01-24,110.56895092471738,127.42032685494272,143.16006035750635,65.73994794093998,145.30852887963997
2019-01-25,108.45354724688767,126.05531144469799,140.8930961383053,64.6433359284306,146.74901322224468
2019-01-28,109.1881729660953,127.03766432844475,140.54006621468636,64.70939506922919,146.51674486806797
2019-01-29,107.12316893021206,126.9421192339854,138.89563046634242,65.49752638946438,146.3796466325405
2019-01-30,109.45962104148295,128.79924983211995,142.24838429701072,66.10791267455406,146.6568439856538
2019-01-31,108.09139691636321,127.98570723819856,143.36733076970452,65.72461756248241,145.76548959036955
2019-02-01,109.33259058955672,131.44179091698837,145.7793107375212,66.83585673089733,146.22337443085434
2019-02-04,110.27239055575566,131.91018735832318,146.07564950550417,66.8248975108718,145.96148902605356
2019-02-05,111.00423191330584,132.13481425978034,146.9452094434574,66.14053241259876,145.2856233603074
2019-02-06,112.85069440827368,133.6672765966834,151.11769766982403,66.71604058815984,144.91282168645995
2019-02-07,113.3113865655571,133.6588579391625,152.54145573985713,67.00151397432327,145.2255970298674
2019-02-08,110.38041723436555,131.31928119827055,150.81465634811968,65.58553922356897,145.7120696619666
2019-02-11,108.93413032288066,130.9566657132689,151.20756992539316,65.9485239043735,146.4087787144241
2019-02-12,106.94345559918612,127.50516273210313,149.03949441540047,64.94345990742256,146.69315722016174
2019-02-13,107.03851744904836,128.7797547994258,151.6209836731523,65.45793639709774,146.38285150652078
2019-02-14,107.42074134813093,128.21478220318764,149.5230683230355,65.17004032687804,146.72910429860397
2019-02-15,107.05636657117783,128.14833045952463,148.42865106494457,65.0295630951208,146.74990977152854
2019-02-18,108.33153503801339,128.7627700487809,149.26090861719763,64.79801617787348,148.01879412639292
2019-02-19,106.97287822202301,128.08321908928107,150.44824704512453,64.26514945951993,147.01874478821455
2019-02-20,106.17072841295911,125.821912283546,148.82002329465402,63.122601808527904,147.914203054054
2019-02-21,105.63823624603603,125.95790504024673,150.67263477678097,62.75588732092143,148.37795089498889
2019-02-22,105.72566315542204,127.23594651000505,147.98543013064062,62.43957007346433,148.65535092851695
2019-02-25,105.27176446268658,128.8683283878717,148.08531213262873,63.314668138569765,148.67324960934027
2019-02-26,105.39033509490207,129.2529124998437,147.78935064648857,63.27012265929904,148.4474135096035
2019-02-27,103.35133333004032,127.64434658475594,146.56913061747528,62.17978965152926,148.0135622362937
2019-02-28,103.1428310076435,127.91452878636274,146.60653830724294,62.2394843541629,147.27504179016117
2019-03-01,102.58359064879485,125.89088064904091,145.6272848868592,61.480946276887984,148.39766449825623
2019-03-04,102.53539243539538,126.30187633224938,145.66130997155358,61.786141253018734,148.9542217666819
2019-03-05,100.75709190462045,123.70073349811794,144.16312818908733,60.7637474026395,149.37528447577535
2019-03-06,100.88789918938863,125.30596378088379,144.18120642495666,60.716173995518574,149.6354883075921
2019-03-07,102.4224436871533,126.0878876749614,145.9855404792781,60.86544015962902,148.70488268274585
2019-03-08,103.15863247764203,126.0097677421191,146.04856683018696,61.04987206519784,148.63090283254485
2019-03-11,104.12380621143025,124.860335009338,146.00317908092006,60.84965081501207,148.7659016546765
2019-03-12,104.20244738673883,122.20437098180442,141.61676547236246,60.06766681545829,149.44285194484888
2019-03-13,103.47608174863336,122.6077104526382,143.97824785234147,59.53423712176007,148.99174618766685
2019-03-14,105.30570358919734,122.15342754318048,145.29463815127102,59.073216132345465,149.20665695683883
2019-03-15,106.80684841302359,122.51912995450212,147.46718867474215,59.79497335917331,149.15568883832577
2019-03-18,107.27412115173134,122.5720179315151,147.0088800624607,59.53213152154645,149.2451455419262
2019-03-19,106.05619481823547,120.32704813509541,145.36145201447874,58.97933365009168,148.91227409052271
2019-03-20,108.73009373574732,121.98974349236073,144.72891101899182,59.96761444763463,149.17539159662735
2019-03-21,108.09200885670165,121.95306720790171,146.45761815127432,60.23161478507352,149.2928095861147
2019-03-22,107.08230013516047,121.48446850789483,148.00765073122741,59.41986289965195,148.39389938573692
2019-03-25,106.00540714504965,121.25646949461016,148.22044837923704,58.54326442180776,149.10158287881995
2019-03-26,107.37569522571033,122.93527255756074,149.1659394796677,58.800341871413195,150.32984604200524
2019-03-27,105.85096992327212,122.37820208235249,149.69703217042323,58.08695782795712,149.94572802806158
2019-03-28,105.63177152115182,123.23352492132051,150.59448152345624,58.67183357197801,150.6285216678776
2019-03-29,103.2134093658148,122.23514947745761,148.9912189933621,58.390843832468335,150.19119244037702
2019-04-01,103.3865005614094,124.60712789122638,149.97470221473628,59.343507136374406,149.99187534726818
2019-04-02,102.5841941836808,122.86168709104982,147.74476123038204,58.837223257601266,150.9986324121031
2019-04-03,102.38119098597676,122.17344811085518,145.74150976284025,57.73707896142035,151.18466510062947
2019-04-04,103.6590046916937,122.98432948917042,146.4382993811228,58.26864312574038,152.07034932313735
2019-04-05,105.17626700726845,125.10331501892207,147.22389207062525,58.40995539270731,152.30831271061277
2019-04-08,105.16230643594015,125.31687539981998,148.00404426088437,58.62683553234403,152.93151312270194
2019-04-09,104.02664677728168,125.10383888531638,149.6626085678919,58.27150284646859,152.9265409400569
2019-04-10,104.10319538607182,124.83377051494682,148.1288981823493,58.02216317295685,153.78067369908536
2019-04-11,105.9350740730296,126.60182747503926,149.1564020617502,58.24680441788244,154.83202785013003
2019-04-12,104.86194445052732,124.30966290040722,147.1163366460784,57.458842536532536,155.2872511134094
2019-04-15,104.66433474495014,124.84290316465272,147.55303683979866,57.30674504724802,155.06732698975233
2019-04-16,104.42812110875985,123.64695364998713,146.30227663379017,56.96641884685615,154.95541953606616
2019-04-17,104.06486169373244,123.7545139895297,145.37985242324777,56.685774784231,154.5323538079454
2019-04-18,107.83247275939185,127.07919296897971,149.6396914121349,57.26171772997377,154.9490773596692
2019-04-19,108.14111983548302,126.93413692941668,148.91056258093553,57.595014643208785,155.32173047245402
2019-04-22,106.37575173883236,125.08286264038533,145.32442056843976,56.94304976551737,155.03269571793902
2019-04-23,106.03556507670429,125.48384886613135,146.0137286789336,58.42911291175956,155.62235024100661
2019-04-24,105.3867279583358,124.1375281858688,146.50370851271546,57.33164363876304,155.39917716620027
2019-04-25,105.48171954564549,123.97547567412713,147.50000659889207,56.48673583281535,156.48408373518714
2019-04-26,106.17943742584386,124.0878933518317,146.7984827044625,55.947225465598805,157.0296825197392
2019-04-29,109.68288339524224,125.15525287297974,150.1802809499021,55.70657807612909,158.00017240931484
2019-04-30,108.62523557361729,123.96017454815716,148.58429078237145,55.44258128622079,157.70099589040797
2019-05-01,109.14191006668386,124.77134419779684,151.41620216186934,55.83037843378161,157.2467797533304
2019-05-02,109.19542376249287,125.06686869534853,150.34853866458727,56.378925393680014,156.33951317105794
2019-05-03,109.75483871543277,125.68252510577507,151.33896428686887,56.87355017224325,156.78883878855856
2019-05-06,109.29920183822395,126.25778904416187,150.22791875664728,57.333530027052895,156.2685374490933
2019-05-07,108.39387091182773,124.44060553570127,147.2500417501337,55.95411542583045,157.10143748847898
2019-05-08,108.39142829059858,125.10047956451132,146.4441989054433,55.95073639129381,157.27783349482408
2019-05-09,105.43526648780959,123.53523761268512,144.64662173269144,54.96185062193077,157.79659095163964
2019-05-10,107.79238920332648,123.9127399100984,146.3066586523269,56.21286159487619,157.18764221722196
2019-05-13,106.58431453343734,126.40275427308426,148.23496772002974,55.835688601457,156.96005710182706
2019-05-14,108.7000483034475,128.30790893562818,149.60555800460108,55.85314665192227,157.15961365606555
2019-05-15,109.0788602364872,128.05874100198756,149.6402372688671,56.266837089572505,157.66467968333723
2019-05-16,113.36001427917527,130.3160852357353,151.99172667352983,56.45996122017836,157.05534643096576
2019-05-17,112.86026326252754,130.48805554140063,152.39047505054967,57.052539337650366,157.34330936357384
2019-05-20,113.48017057060125,130.32733630336367,152.53167739390784,57.39252555257606,156.9882454033461
2019-05-21,113.03935049347966,131.1634095988517,153.9401012093782,56.95913646916947,157.53425565027882
2019-05-22,113.16200526710176,129.85982068800274,151.1991334323538,55.99450155682769,157.50904189342205
2019-05-23,112.42119784953329,130.1573350791211,149.33653300315578,55.9851068521144,157.44542156556568
2019-05-24,111.02033937209978,127.26088698370239,143.68827150454047,55.027803267968835,157.78638456004273
2019-05-27,111.36695428740899,129.14821371570108,146.71369751475936,55.87557134370908,158.52664752752733
2019-05-28,111.13326420422408,129.94927183176932,148.44752560944752,56.119376245957156,158.49424501323256
2019-05-29,110.38829109285547,128.23901782596505,144.72533305448152,55.60749745201263,159.27582991701405
2019-05-30,111.08669003348477,128.5257252250793,142.730791407756,55.42580458642337,158.82310074836877
2019-05-31,113.38766101053272,128.70280028067924,143.83847453130474,56.101942650823624,159.08203997592824
2019-06-03,114.01367844307491,130.6311639562117,144.6963824905907,57.11933646830032,158.56277225945595
2019-06-04,116.13215213244885,132.4065244562191,143.4831443452262,57.22059480537152,158.78238146659845
2019-06-05,114.53401523213125,130.60991796146791,142.79880383218986,56.842354521450886,158.37856273543386
2019-06-06,114.12969741906642,130.0276167917141,143.16427650974404,56.59500315886882,158.49885965450585
2019-06-07,113.78196085015793,127.88471168044812,142.41954472145918,56.02184918694325,158.9448480959563
2019-06-10,114.6231663448362,129.79561944557113,144.13780717892192,56.66630113052039,158.51100990144482
2019-06-11,114.20520684400732,129.21095390716263,143.67922914498277,55.8518439001893,157.64389638852873
2019-06-12,116.62181350273997,129.34409491345733,142.78841438847167,56.15021239573383,157.64770756550547
2019-06-13,116.09522901631888,129.48130411890025,143.4059414929376,56.2537212044642,158.03515793565265
2019-06-14,115.33673756316523,130.80322789145146,142.53264812577896,56.524006219188095,158.2630411641504
2019-06-17,115.92933380429112,129.51324511465677,140.6765764261754,55.9477815059374,157.8617854720038
2019-06-18,116.06185127505783,130.68715201873343,143.2380624846209,55.68959264725011,158.42235137016382
2019-06-19,117.14834142815052,131.87559941165406,143.79048658224733,55.64699481100885,158.36188519018566
2019-06-20,118.60630427427377,132.5732976228406,143.23584706484849,55.33577360282155,158.88520961483908
2019-06-21,116.34828988984891,130.1386954684699,139.5230465880404,54.212357719321425,158.49559799297154
2019-06-24,113.782217701833,127.7733175107177,137.5306168780302,52.9899022528616,158.83864512624183
2019-06-25,113.18347950935397,127.2078390188224,136.2919061763203,52.41875753056044,159.59119269949332
2019-06-26,113.21048127538089,127.94434026990633,135.62802435558112,52.751826937829605,159.32167374002205
2019-06-27,113.10211953042027,126.08865596897682,135.25318397911118,52.02490584537897,159.2584880856068
2019-06-28,114.92474390899812,127.42041503292991,136.82027582864563,52.291873433194965,159.70235203257923
2019-07-01,113.84592034337422,126.31516041032815,133.29359163767128,51.856087837558476,160.09274621995942
2019-07-02,112.82649046199342,126.91855139043604,131.90326955783814,52.14643062965534,160.39013514507266
2019-07-03,111.10699928130636,124.57968612467842,129.66304134911204,51.088441327051214,160.41985149872266
2019-07-04,109.86430091748059,123.13772285905888,127.1897750763415,50.187970365055676,159.6455369939082
2019-07-05,109.8087342816519,123.00966328971055,127.13052373075733,49.5767585525049,159.7395141245156
2019-07-08,111.6852806412273,122.9675736704971,126.95688345965709,49.855207442077656,159.11850387233656
2019-07-09,113.47008051823497,123.62343879116582,128.0199107360687,50.191863638441646,159.2608453679977
2019-07-10,115.120482370048,125.44448315137598,128.8168613391006,50.979605545930674,158.0631205947882
2019-07-11,112.66583647279936,125.33050541745234,129.95979109304872,50.85933686014125,158.95091801503585
2019-07-12,112.61501945212468,123.63055473407667,127.92156310677395,50.464741424130224,160.10216104856383
2019-07-15,114.02127359734686,124.4869445247861,129.10555303869882,51.43467446706344,160.44553768002945
2019-07-16,114.12514953186827,123.96585114975464,129.16077657634705,50.55043939653097,160.06773380487985
2019-07-17,114.38745855091454,124.83719035583232,132.01726498278092,50.5778386985432,159.9934529558774
2019-07-18,113.09404122339986,124.06118900956669,129.56002933224443,49.44536145720081,160.58306990323686
2019-07-19,114.01926034492482,123.91565909313209,129.4598592430839,49.64706507894916,161.04607503324556
2019-07-22,114.00743986605445,121.96595804563326,128.16316120075254,50.30930096944884,160.75007868867814
2019-07-23,115.08136229260089,124.11690921105449,129.98444392426694,50.976683411812715,161.5171715505422
2019-07-24,114.4350798753325,122.20984762598803,127.8379645015279,50.907961065931296,162.0193153917537
2019-07-25,112.3473628118174,121.1796617356378,126.2884893610699,50.63501519530479,162.4159247046289
2019-07-26,113.48620049427048,122.28638857912986,128.36561973697684,51.18422773803606,162.31172254966873
2019-07-29,113.02677980857064,120.35591280317384,126.36091781586545,49.9321609417033,162.40507292687468
2019-07-30,114.22131127249972,120.00681660341546,124.79683329882162,49.91638199402709,162.09858383986082
2019-07-31,113.37022034925697,120.3371042549087,124.86994041222663,49.98354172598983,162.2985158611139
2019-08-01,112.43561591846378,119.07392796484264,124.00239258351053,49.56220441800635,162.02005029092825
2019-08-02,113.66198954173781,119.06832200643815,124.44022568387425,49.68600720186891,162.77512841542068
2019-08-05,113.12683253979043,117.99756633997444,123.45060456223173,49.397781474832776,162.8913370274216
2019-08-06,113.25204354788771,117.89548111353332,123.63036642535583,48.94513150671042,163.1044984752266
2019-08-07,113.30512597712325,117.3354737182424,124.24562938527386,48.12962873341656,163.38552314426659
2019-08-08,114.52606774570381,117.74582224991505,123.68924869648568,48.214240291269505,163.66194399753851
2019-08-09,113.85385356655324,117.14505676157421,123.36092983254628,47.517235935319526,162.94815766750705
2019-08-12,113.07454861890037,117.28264485356539,124.98509592986144,48.136370711813996,163.7678832913856
2019-08-13,115.64868975950311,118.45015977586633,126.37043563479604,48.777762136472,163.9167508160022
2019-08-14,114.31470093163651,117.84625312577239,125.03883811602579,48.91273975836062,163.69782325029047
2019-08-15,116.80773038382645,118.82666209975035,127.70487002661311,49.15630036442812,163.24109269468838
2019-08-16,117.1459433721731,119.65082486909118,127.56546286092313,49.414488252025365,162.94784888547767
2019-08-19,117.32029161376698,118.98695661703552,127.91609252871913,48.8387909029929,162.69441298324548
2019-08-20,118.4213119929613,119.21311495471298,131.71480751782624,48.86069261904833,162.79377798060005
2019-08-21,119.13217165881984,118.14779325220867,131.89440602536425,48.22586618838518,162.40010129887145
2019-08-22,119.69843199315673,117.59633597973922,130.45340381813082,48.276697406985114,162.55360395491977
2019-08-23,119.54500437231484,115.72537900553219,130.16726097044685,47.81483670815781,162.72732523625234
2019-08-26,120.40486709014067,115.72285984557979,130.21066562691263,48.19396024310204,162.42856701014463
2019-08-27,119.51997173560305,115.25656807868342,129.4743759251518,48.4420078534152,163.7702304768993
2019-08-28,121.25863526320806,115.45799273551096,129.38454373232747,48.37192111094396,163.79399850477913
2019-08-29,119.59402988919959,113.52245574639272,127.18214095355353,48.69506483903117,164.0757897508952
2019-08-30,119.39157008144643,114.56912294540808,127.63632617748375,48.946053994243606,164.22927475232223
2019-09-02,119.60973064874516,114.81261440777519,128.24482609662599,48.89403349586649,164.22825207454855
2019-09-03,121.80445865856582,115.91343884945519,128.95867625490428,49.4990575971072,164.7025377883863
2019-09-04,121.46207343039563,116.40069380899207,129.90194437743182,49.15840714791206,165.5819006335932
2019-09-05,120.62890523060834,117.43440032470191,129.93253926075167,49.55762765053273,165.6293582054192
2019-09-06,119.69933535510937,116.25742507823446,128.7308656303652,49.12265007402588,165.22559688312774
2019-09-09,119.28954604479168,117.75855174915348,130.15957091161283,49.29296214888032,165.62734605698049
2019-09-10,119.49998348866424,118.55255282400906,131.29071891149547,49.15121345264517,164.48226910359247
2019-09-11,118.67587860935838,118.03976017735789,131.47980135208778,49.468539564421285,164.65857942050135
2019-09-12,118.17083644441952,116.66489762554333,130.60153818655726,49.53040780287827,164.6370880593767
2019-09-13,117.35970571819085,116.05258425154146,132.55935436303344,49.848983199566845,164.9084405238342
2019-09-16,117.43145504741995,117.28715141760568,133.43266691498462,49.98906168899429,164.13193397852487
2019-09-17,118.03859005020918,117.85373753003401,133.98747976081427,50.39216497076734,163.9673034991298
2019-09-18,117.18628275302736,117.76720027769629,132.11433175026968,50.12392306985911,163.71274212381311
2019-09-19,116.0255187084543,116.53682363399491,128.90678044108992,49.9078277088413,163.73396699507333
2019-09-20,116.50361341844764,116.4755290295215,130.4115391673645,49.87062788578171,164.39532622712622
2019-09-23,119.70777463943911,118.42479986724865,131.66952369619568,50.5036092484299,164.60939772812583
2019-09-24,115.23893668567568,116.0082695116082,130.5253786018821,49.96295848122704,164.59451234022634
2019-09-25,112.70347743386746,110.93742214186426,123.81552356611951,48.77583680591998,165.5970980866277
2019-09-26,111.5597878190339,111.21264159583242,122.43717302651184,49.315910083908825,165.93049612505533
2019-09-27,108.43178858765663,110.25385037754991,122.21942209368486,48.328877813440215,164.84653430775657
2019-09-30,108.46497590323636,110.49867436256721,122.23806895048092,48.98518721778682,164.32641241159618
2019-10-01,107.93048289689773,107.96630975600709,118.1488373927001,47.978623896488656,164.63339500626975
2019-10-02,108.37449650806812,108.14998904343267,117.64934258569137,47.69225145714684,164.95484022681296
2019-10-03,110.37375043534044,107.67917096925919,118.27727986992099,47.67047845387636,165.1522603675073
2019-10-04,112.41008460386668,109.46598237459717,120.18392589634479,48.7186188984225,165.37142870872094
2019-10-07,115.06419471502049,111.56725427747097,123.86783906469705,50.097806555988065,164.92608887358517
2019-10-08,117.17923762198072,112.48954214496618,123.21327884784374,50.10223077563136,164.93897356708302
2019-10-09,115.08954049947464,112.21813301265114,122.62554318033835,49.9482919005765,164.3280621312538
2019-10-10,114.23092755118786,111.4320449709365,121.25833049662592,49.63374041184548,163.91732980327362
2019-10-11,115.55748710716918,111.11655501569186,121.4633549041888,49.0553510571375,163.4640551242707
2019-10-14,115.91353139248015,110.31304499837698,120.83113181187257,49.47226819813843,163.0510741179734
2019-10-15,116.28460257545335,110.87693848789073,122.00921685224897,49.682111416820945,162.91799457096693
2019-10-16,114.21711925321638,111.04962516597877,120.3793709017879,49.272116575921075,162.84825141473277
2019-10-17,112.80182701392383,108.84592218918303,117.42459791378454,48.06470054932427,162.45447635146434
2019-10-18,111.54171867715021,105.9804188511015,113.78230487051859,46.84896718486437,163.11687911814226
2019-10-21,112.44598232381423,108.11157939625357,114.46264581925377,47.821477739214544,162.91439057914198
2019-10-22,115.60893723150593,111.57333895167767,117.38776317221627,49.25308423149417,163.83456095851568
2019-10-23,116.98323286444759,112.60354666982057,117.72087227776082,50.06261809344655,164.4542574270709
2019-10-24,116.87545784835605,112.6316348325476,116.40074300125596,49.74418619880684,163.8178101291083
2019-10-25,116.5861086664858,112.22256784687852,115.45220830115059,49.026611020782966,164.3701254843012
2019-10-28,115.80558143851785,110.42235838337142,113.09711156704276,48.82685385967086,163.6265889634127
2019-10-29,114.07968410560146,109.49497746428204,112.28277530049202,48.13175517304192,164.49321744746484
2019-10-30,115.17260277821309,109.09805748753062,113.09541031667256,48.297772230771024,164.72532596020096
2019-10-31,117.6887506393284,110.26102382097278,116.72662463282614,48.34635426172419,164.20590079641002
2019-11-01,118.01576091447086,109.99781095354312,116.12464393498097,48.75257475521199,163.011290507163
2019-11-04,123.19152271441729,112.38955064729804,115.84034616067143,49.25415194190138,162.82725686286565
2019-11-05,123.45896959068597,112.0253610287747,114.86316980148929,49.19606630251657,162.10801887469705
2019-11-06,120.42830128280659,107.79764168961981,110.7565101156563,48.05434300669096,162.75996757828202
2019-11-07,121.48127131512696,108.18188719007016,111.13176318185414,47.92211021976546,162.09859732088248
2019-11-08,124.17661398957453,110.1714747889057,111.12462114450774,48.21226559161542,162.00503422774725
2019-11-11,126.43846703820512,111.93989632724957,112.84072641517402,49.92577159887707,162.31325416873307
2019-11-12,124.10260893686824,109.17985705347513,109.0731053289757,49.327916003532536,162.35200784570455
2019-11-13,126.73747695979614,111.6369489487389,111.73325223510679,50.57350455758973,162.52995948474828
2019-11-14,125.79616808432712,108.65041050512608,110.34584237202374,49.723494372764655,162.4215744444961
2019-11-15,125.36495691102097,108.32319305089295,110.38289441553648,49.222429633656716,162.8566898013398
2019-11-18,122.67648751466173,107.46752015775598,110.70358108094555,49.25435969940565,162.36276635693966
2019-11-19,124.88716015174116,108.71999854490919,109.67611793511674,50.144323951806854,162.71040451267885
2019-11-20,123.75456919613355,108.91579043556625,111.47195962908081,50.76233728488384,162.06395981853075
2019-11-21,123.80904778565922,108.28301013180419,110.7811366175407,50.2575882594006,162.19045799138786
2019-11-22,124.21530127612608,107.9137157601387,109.33465747553193,50.85540122497987,161.58111524154674
2019-11-25,126.2310024711741,109.23858070085693,107.92556114550919,51.54925915146228,161.49424128823267
2019-11-26,126.09115378828587,111.40031351016061,110.11871579634094,52.12878261038274,161.84718855063082
2019-11-27,126.38735807610497,110.50231280867277,107.64677370407756,51.31974467664392,162.56404954850208
2019-11-28,127.7321630616255,110.60067215118585,108.68881617886143,50.67289883297528,161.5819859968294
2019-11-29,127.70997302355545,109.87945093682909,107.1988002702565,50.68881369210795,161.1786675879361
2019-12-02,126.69480750055043,109.34459256770708,108.94548036439136,50.62240508021617,160.66094087036322
2019-12-03,130.0928567919827,111.03011637490184,111.86273626388592,51.65894860888906,161.35726684080007
2019-12-04,131.20317875826214,112.75972791578914,113.00290455778406,52.561567192358225,160.89828519922688
2019-12-05,130.5871332074093,113.40725445434647,113.29905672406697,52.731372699640986,161.31201172637748
2019-12-06,130.01629902093995,112.15953878203655,114.12987932998621,52.349372189738276,161.04731534505856
2019-12-09,129.7869152685892,110.34365065971996,113.28474741271796,52.445484565956654,160.2694169563975
2019-12-10,132.64880993822678,111.8652797131522,116.61229495081852,53.66388690495155,160.35191397461978
2019-12-11,134.2045730535984,113.048242241226,119.1475886656973,54.732959871382626,159.74385129830867
2019-12-12,136.20345305289746,115.09432895076532,121.07018102380927,55.811762665584496,160.16752215418873
2019-12-13,136.14037993819193,117.10664476445034,122.740316441961,55.796052821618325,160.64600468226
2019-12-16,134.83493149487217,115.49189954958581,119.84719369955815,55.47477332480323,161.40627656355085
2019-12-17,134.40304900898408,116.99488935267502,121.19158110397363,56.23916232362851,160.86212305150275
2019-12-18,136.80927196115223,119.37165071451817,124.70923528787196,57.003585742374796,161.75796731347313
2019-12-19,137.9778032486544,119.61192006935062,126.07129398218449,57.78660865729739,162.31807879915067
2019-12-20,140.09658408162394,120.62576675618544,128.021785225514,58.97344269029556,161.335980624986
2019-12-23,137.1919509776103,117.17163279047527,126.99396554858804,57.92203449500688,162.5935715250226
2019-12-24,136.48224866997555,115.8828293986733,124.97021498846506,57.561372908995054,163.56098858268467
2019-12-25,137.54074191196594,118.29341520855463,126.70423174264798,57.70034927792045,162.99478660596762
2019-12-26,135.67689221034266,114.0252143237094,123.16175415275498,57.62818039795079,163.19862379108264
2019-12-27,134.961442522242,111.84021035220037,120.30583126969194,56.85331643879608,162.4627258157489
2019-12-30,137.14819934860608,111.97035600842331,120.77751054004176,57.5635664890723,162.40571323773082
2019-12-31,136.58668203680327,110.81991431781218,119.20693330638666,57.067213716499786,162.52808766109072
2020-01-01,131.24419844963597,107.7249783561532,116.54223556502915,56.700166102543335,162.89399890244644
2020-01-02,131.86256303127456,107.85498335490628,116.2579671417173,56.622710367518245,162.44910266709303
2020-01-03,130.82256593709764,106.70985288976884,116.2535841583648,56.34670724281335,162.4519525290874
2020-01-06,131.32868011041344,106.648693045136,117.48940312320777,55.569511246780515,161.94802080488157
2020-01-07,131.34838357247935,106.62689617887186,117.2178466296702,55.45732788818554,162.1801773624047
2020-01-08,132.4289839238787,107.13947999235283,118.11943392759387,56.90427069953948,162.57059674203663
2020-01-09,133.93026925344606,106.26520139162619,117.42153240933632,56.45581499543696,162.6290901708184
2020-01-10,136.0564405568198,107.22484655917081,118.62713063572647,56.96493257569928,163.2939004314484
2020-01-13,135.2292857194287,106.94065035321316,118.71944310666778,56.48562502577319,163.73864830186355
2020-01-14,133.88605364324803,106.45365073173265,118.00564254337861,56.339169043882094,163.96696455624922
2020-01-15,132.5921435440382,106.79690984360212,118.68728687336582,56.31384588290486,164.64439516981318
2020-01-16,132.95969434215277,107.43854723683151,122.1313142676664,57.02262868820521,163.9566465891825
2020-01-17,133.09842393462174,107.82938712921914,122.00232399762018,57.357413178573665,163.95373609032404
2020-01-20,136.2397129859357,109.05307293220649,123.75034770526811,57.4645437291313,162.9698327724749
2020-01-21,137.02423563838354,110.22644061662832,123.8599820466682,57.678644179269554,162.9771321526951
2020-01-22,136.69247477339977,110.5729339293413,123.86031218941443,57.436905892155934,162.72990330256815
2020-01-23,135.95899919070337,110.85534613536979,124.46934641207854,57.47662517039272,163.21322393704446
2020-01-24,135.42163869323326,111.8728415848119,125.52749968644467,57.52647365940993,162.98142018397797
2020-01-27,136.78931907917976,110.67326083852585,124.17629761594316,57.628314770524916,162.6385208330755
2020-01-28,137.27008413597278,112.0355563440764,129.80767364322892,58.26292869660419,162.60272201407594
2020-01-29,138.88019158139883,111.85988784017698,130.51753493475792,58.38070205846195,162.54589689940485
2020-01-30,138.63524911225142,111.84528449695463,128.215602651074,59.00715220484665,162.8531249109499
2020-01-31,140.07088924089877,111.06519217343043,128.2586037270669,58.70025827415299,162.37923051320305
2020-02-03,139.59034240639727,111.76974621246943,128.1125279292164,58.09316022237723,161.55655117539243
2020-02-04,139.28068302465843,113.08745508012915,130.0312153022864,59.50234777968058,160.68695748782653
2020-02-05,138.505322611865,114.09404309084957,131.4557013365259,60.1426291875591,161.34546958210208
2020-02-06,137.68847487248215,113.81540558165997,131.72847481953903,60.40919968178032,160.66013142345165
2020-02-07,141.0467432926988,114.78166828069398,133.0755256273291,60.96963200258665,160.4199312247482
2020-02-10,144.01748028017138,116.60594149733299,135.27526935062625,62.31062994706045,159.82509972649805
2020-02-11,144.69320280777723,116.34688758745109,136.42732357777714,62.34678665546116,160.3305152934164
2020-02-12,142.58932949478432,115.47822172771909,132.448307158322,62.25944717981182,160.03521627991935
2020-02-13,142.5511829343491,116.16916813262861,132.6374091167303,62.86198038915421,160.734170005441
2020-02-14,145.18793169660452,117.72132742418036,134.36954649503014,63.5050890609205,160.3604099757194
2020-02-17,145.2441041473775,119.58067404578392,137.28493276524446,63.78316184157281,160.54294524839895
2020-02-18,144.61906271084547,118.82928259078416,137.76285379096004,63.65042057044681,160.9823723145835
2020-02-19,145.92430039756073,120.0009325121938,135.839412456174,64.05017349905252,161.5401855573872
2020-02-20,147.95736575320362,121.58962385752332,138.3414260972186,64.75876972333921,160.89257408386942
2020-02-21,150.31815664551533,122.24752219157745,139.1558655558947,64.3689605459042,160.70637271680468
2020-02-24,148.4782786097661,121.20811800749615,137.27240085123017,63.95133918854615,160.68009419744192
2020-02-25,152.00469783297893,123.4214417000052,137.84197953289873,64.7602478700396,159.68431433392786
2020-02-26,154.71868139136384,127.06575216767946,142.99026795878115,66.11501140889631,160.09691491859533
2020-02-27,154.50717038795872,126.75161559179655,143.82379856776703,66.47651265687878,160.33215373835972
2020-02-28,156.73908121764364,128.48583650786395,144.99135103356292,66.22068810137144,160.63427779071648
2020-03-02,159.77467748642167,131.50327465205484,146.922109505306,65.92613442961547,159.8803172126987
2020-03-03,160.3542766216075,132.7824222862004,149.34549251388424,67.04619344481169,160.00146120062044
2020-03-04,158.6618930062132,131.58908739069983,147.0726889721148,66.93283076383061,160.2628339284477
2020-03-05,153.80902458468012,131.23690146435052,144.62122524267912,66.44285593166694,160.85483350849833
2020-03-06,152.5926841034702,132.08334469732097,145.22780307334648,67.23977265720723,160.58421389481828
2020-03-09,151.0847698150573,131.93860793995614,142.1944221486523,66.99711758332055,160.98116720749985
2020-03-10,152.63136192433097,132.67116740158414,143.19302776439181,67.38816003411958,162.0995253007193
2020-03-11,150.05751565152994,132.11479970830544,141.88601932272752,67.12249742124725,161.8759475963434
2020-03-12,151.4743435818327,133.4714831532728,139.8216657791388,67.64276347995623,161.6659145852955
2020-03-13,149.5960966489682,133.59931466764752,141.0473012269133,68.18021647879549,161.5052335875767
2020-03-16,152.099607449227,135.85077969640528,143.84010600163447,68.71418903026661,160.69376055476386
2020-03-17,152.76946745611048,135.95931833841064,145.16209921996045,68.44624608903871,160.5125033471572
2020-03-18,152.72664283320603,136.5760584791556,143.3548553552301,69.16221902227558,161.4390105644125
2020-03-19,153.13291834577663,136.45776945588403,142.2805248916653,70.25877154198879,160.94170833152342
2020-03-20,157.61158547146013,138.13240630325157,144.3638583935413,70.47210102035584,160.8550429338809
2020-03-23,155.45009822971144,138.1748912167479,144.84837649223527,69.72877761651985,161.54403696030062
2020-03-24,159.64455593602187,139.51673811598891,144.58281024130974,69.7188638281699,161.8821840327521
2020-03-25,160.0103123312446,140.21157726268527,144.98108993456916,68.96691276280708,162.03200903522708
2020-03-26,164.63110114889005,143.10455135185322,147.71006200493218,69.85679713709312,161.8663850588202
2020-03-27,162.42401889076675,139.26707830316244,144.50334374874373,67.26733257628213,161.8239632420837
2020-03-30,162.03045266511015,142.90040533874554,147.82980827600153,67.76132208954091,161.85249517919254
2020-03-31,164.8650370778073,145.72885105166662,149.91090038027727,68.10309406306051,162.26056668929795
2020-04-01,164.17782786131895,142.78419536024677,146.78823956512846,66.64968135676415,162.32700176897296
2020-04-02,158.9412339586927,139.50754025851012,143.55208992488343,66.72044148503512,162.87882747299915
2020-04-03,161.2047473268072,139.81881580895433,143.72282081772798,66.95601039813039,161.85343002460058
2020-04-06,157.10166492343834,136.57253225681484,142.29692921351597,66.28769754487163,162.33624413186897
2020-04-07,156.96748949866205,135.66802363672173,141.4489433704527,65.16417210443431,162.06238931382885
2020-04-08,159.4460845904281,137.8830792822946,143.8196233783121,66.9382803180335,162.09224499303667
2020-04-09,155.3280536014891,135.59657194178808,142.49992436716758,66.49650467216084,161.87807019550456
2020-04-10,149.3950934541479,129.67929480346262,137.08493157265104,64.09254956637908,162.50512994050254
2020-04-13,146.49875542528676,125.13509472234135,133.39289478475743,63.177187876443085,162.70612625159697
2020-04-14,148.41062290898594,125.72727325547524,133.70202850870916,63.62107676063825,163.32702727082292
2020-04-15,145.83973994895493,124.04727096464003,131.54434973563812,63.215624650538146,163.14143042365774
2020-04-16,145.93426907412135,124.68484073540355,132.78402655465266,62.86558391209681,163.5176373478944
2020-04-17,145.17972195009318,123.96192399826695,130.81146433714025,61.4262420876226,164.48428207070555
2020-04-20,142.852184759062,120.87591295958701,128.22132800729037,60.036608862737125,165.39206898520936
2020-04-21,135.7674628809567,113.69674901553356,118.53116725203552,57.94204873729632,165.46103185160243
2020-04-22,136.18146716213653,114.12104856724667,118.94622603942983,58.03582950299337,165.81615104297128
2020-04-23,134.08515942532065,112.73525066170795,118.00673126256291,57.1676075472145,165.87807500991835
2020-04-24,135.15109423371604,114.82776158166234,119.9717999893138,58.252300484680305,166.08359543046078
2020-04-27,130.5427994389637,110.35839968687746,115.29836659324377,56.377457763805495,166.36813699385493
2020-04-28,129.07403807408875,110.25835354072582,113.85776871752225,56.78559408496638,167.09178984236027
2020-04-29,127.57950939229481,109.10465578517683,110.1318303517582,56.12298706346447,167.4545237840977
2020-04-30,124.75969915209937,105.94260108768488,107.61008850939595,54.098018671773595,168.3270285498902
2020-05-01,123.9686711243861,105.19523395297794,107.12476637863821,54.31020344499412,169.24945047530292
2020-05-04,124.00322611509526,106.26049196835743,111.23696215712037,55.76973115899929,168.53680138521233
2020-05-05,126.26682485638408,107.23680799583526,114.2886805960894,55.985761391314284,168.74306671896176
2020-05-06,127.44000642646812,110.94302118941175,116.06167900861166,56.89884571744508,168.50990064133123
2020-05-07,126.97832058830947,109.96633488167396,115.306625641284,56.09092907660239,167.59831707766932
2020-05-08,125.34737042148822,107.06904837400815,113.6622806000243,55.075544765403826,167.00090660344642
2020-05-11,127.37460573200916,108.14613170519026,116.04441007160828,54.340442618650556,166.73755487462097
2020-05-12,125.02344802371934,107.47133310579959,114.99783036143984,55.04133282688376,167.72979676728374
2020-05-13,129.84720572814211,110.39208359391888,117.34014089319216,56.7771469407424,167.80691964103477
2020-05-14,129.7480116241549,110.0794412519139,117.15537611348591,56.37262409523331,167.72610622216862
2020-05-15,131.29864117713603,110.24559540712264,116.52807103806786,56.24279762980549,167.7363440368117
2020-05-18,134.0175794894528,112.30694407862718,118.3608751595003,57.58143679031218,167.33004055407184
2020-05-19,130.34976550588718,111.5424680365245,117.14558301578919,57.25256504902312,167.4568795869512
2020-05-20,128.81581601206867,110.73380875730938,117.14385429602963,56.69083564162115,167.43131781286957
2020-05-21,126.16016654767787,107.8942496423833,114.56386406127963,55.702820848729765,166.5196123054579
2020-05-22,128.1636720464865,109.72402512217192,118.80342162837402,56.64192439142738,166.24207217470834
2020-05-25,130.8884588711408,111.16337528094107,120.51872518764557,57.362389255460066,168.20581497622948
2020-05-26,129.63436403356206,110.12192394047813,119.41677454971726,57.1323181646217,168.60012463777275
2020-05-27,126.91878096002256,109.72410737478884,119.24090461269145,56.42104922456617,168.57162178166536
2020-05-28,127.61825769285969,109.54051854543792,118.58783643122115,56.33500282768292,168.98723864341966
2020-05-29,125.69637566634213,107.57558866229849,116.54787587140805,55.98050505051505,168.4502047210783
2020-06-01,121.6881290747168,102.93867440278059,111.18285696564105,54.79329670122502,168.53083246433812
2020-06-02,118.07504161299103,100.06532135068569,107.15056962070815,53.441864593086166,169.06922484697495
2020-06-03,116.30371047315695,99.33898344295903,105.42725407114895,53.53212182652554,168.16555071982023
2020-06-04,116.0462106233884,100.86964421517841,105.53274502009518,53.923954044988356,167.76934738922628
2020-06-05,119.1791394126136,102.55973587189875,107.31991818063469,54.649359083037986,167.5669517802548
2020-06-08,119.69514561545557,102.02289828075047,107.73861476986144,54.62993682077022,167.43262180523993
2020-06-09,118.01566516905673,100.31452793504599,106.2649711936093,54.11078388320698,167.16659712316758
2020-06-10,119.49889798215969,98.29280433695632,105.45955948265066,53.87347778510511,167.35167669519032
2020-06-11,120.652617660965,96.90489842015458,105.72751918653071,53.27522593833272,167.96789842278764
2020-06-12,118.88945213576474,97.28005415959996,105.4089320107968,53.02877681455399,168.1958206126474
2020-06-15,124.96065828835154,102.8956790063067,110.82646884902462,54.63603697130009,168.81813582275956
2020-06-16,127.693719462313,105.67744191248991,113.01435087264436,56.727374334413895,169.45471958820391
2020-06-17,129.27759136971153,106.70665894147693,112.78680106498724,56.482109023153015,169.13706585942256
2020-06-18,127.93184216818945,106.36147219544148,113.44591870108812,57.02783438308153,169.32458372611353
2020-06-19,125.80784642068792,106.21913184993639,112.7140528178742,56.551140448726734,169.13626733660848
2020-06-22,131.0738662801428,109.36992759167792,116.3765435900599,57.685484202707535,169.54826044367044
2020-06-23,128.38824760878168,106.79628781329089,114.59135253372001,56.94565460507981,169.37445917378332
2020-06-24,124.82274122673822,104.21658742947922,112.1801001206218,55.87117657790438,169.2961629878634
2020-06-25,123.05208845822288,103.21450896677644,110.07524672434697,55.33638960806484,170.31548830653372
2020-06-26,128.36946747746057,107.50153298669704,114.38368336214617,56.83477201902695,170.24181140436636
2020-06-29,127.54900874034938,107.20214088963564,114.46403181744851,56.71176639056685,169.36350200835142
2020-06-30,126.67628901228936,106.74890079684927,114.0325824612044,56.77681223022655,169.4632557382893
2020-07-01,127.74547229700497,108.1254543297743,116.5478825182291,57.9816898275617,169.66596768157126
2020-07-02,129.87146574011754,108.76340350640987,116.96999654499317,57.09423193580111,169.40235956862787
2020-07-03,131.05259820394565,109.57827454694093,116.66920739459795,57.392816197456185,169.47353091020426
2020-07-06,131.41593192831357,112.03924979583304,118.49422092533275,58.62799474169138,170.0981993510564
2020-07-07,133.4271615836475,112.62239778715704,117.4420652970927,58.63231517165828,169.8272061549238
2020-07-08,129.0930852243076,110.23639265263367,113.99813019664549,58.089790967261614,169.74904502679428
2020-07-09,124.93865754390268,107.71839700955206,110.0381106568262,56.944935238825124,169.36859770510736
2020-07-10,124.50668602281594,106.15068978319637,108.86779227355893,55.518165770965176,169.5918486049936
2020-07-13,119.67021442821475,101.55202736057322,105.17141069671713,54.616654936463284,169.55032509721318
2020-07-14,119.64699920795763,101.69361776191343,103.91055473611137,54.7308198960145,169.04620449835846
2020-07-15,119.92343964123135,100.78450468979992,102.34360057055125,54.827153306459984,168.98790799305505
2020-07-16,119.26602456839058,100.51595003568401,101.53853005838249,55.01351532915746,170.08156290190334
2020-07-17,123.01400932857777,103.14766150710007,103.49317339042823,55.89831828512231,169.1229942987274
2020-07-20,127.47368597727385,107.9874190064169,109.12639463089677,56.871346055718774,168.35542106565762
2020-07-21,125.55443402879527,106.72329172975248,107.92602173974699,57.25360320787443,168.58161123904634
2020-07-22,125.56657448829387,106.01299250610356,108.58317689305706,57.45998044739428,167.81563684356217
2020-07-23,125.61553189571235,106.07835349826735,107.88490046789528,57.21529021010989,168.9725898124025
2020-07-24,126.74910286859786,106.92612243427992,108.36879551115979,57.25862312574741,168.14523091623815
2020-07-27,124.91850217192216,103.98677737832338,105.46951387314955,55.87956025021672,167.42834667770788
2020-07-28,121.30770604776941,102.0020030090957,102.08085073490543,55.574990030645296,167.16629219337307
2020-07-29,114.11314518905775,96.77455276731456,97.21842801631884,53.64309008228697,167.8169946514271
2020-07-30,116.12812122709646,98.56608916035132,98.25079395863295,54.45144423158229,168.31064357011002
2020-07-31,114.56644102086264,98.87989316297212,100.07633049082003,54.61434451060422,168.6717624957852
2020-08-03,114.36996527943577,98.7491452195538,100.83881488074094,54.988621905833945,168.87620146055266
2020-08-04,115.90458492138886,100.59724700523131,104.12714409301978,55.62845588073224,169.66202074560158
2020-08-05,113.87001183802062,98.88157151308744,103.46713964197771,54.76320706778698,168.64323980298676
2020-08-06,115.84161916355052,101.96141821124553,106.11859028256903,55.79686171467046,168.83598707815096
2020-08-07,115.75951232619795,102.11808381258585,106.40464768170126,55.633483190017664,169.69673490245384
2020-08-10,115.5655663893419,102.13841788743605,106.27527118506134,56.52204371648023,169.11154527209342
2020-08-11,114.28829367091933,101.44230238369725,105.1272137953349,56.080592521609304,169.3299796237848
2020-08-12,114.90882416592794,101.85037158510804,103.80804696627335,55.63508735286169,170.07301640403668
2020-08-13,117.29875467240669,103.628631310193,105.11515116108686,56.652107532042784,170.83541011289458
2020-08-14,115.40452829779808,103.07463384494832,104.3311749132708,57.019330398062316,170.78977727265334
2020-08-17,115.02627350683817,102.40882772298167,102.86271340722296,55.87135369072465,171.91386098495175
2020-08-18,112.45021195707194,100.0656980829476,100.52459001845139,54.9395461583695,172.24514499498667
2020-08-19,111.91540923606287,97.9368356563953,99.17815584741356,54.57392314484355,172.91100057464334
2020-08-20,110.14005551253898,95.2566455072717,97.5320420185443,54.016003717778446,172.31349396880753
2020-08-21,111.0901941562334,95.36059173349332,96.67188595598431,54.07296522274223,171.90364738407214
2020-08-24,111.5310559457397,95.56415360183493,96.80394248894149,53.723600544490345,171.4919716953835
2020-08-25,112.5069138933906,97.2858084338158,97.04314760260236,54.40990516474058,172.56393681911467
2020-08-26,115.91496284276019,101.40509089579297,102.11147013420813,56.65259262479956,171.229243043111
2020-08-27,117.19422054637127,101.26362692230396,103.05837704800594,56.518323791016556,170.19312984592275
2020-08-28,116.09161314025638,100.11640914433673,104.53572156844845,56.06580862995432,170.69163847157037
2020-08-31,117.2834715671483,101.94090342205935,105.52763762808294,56.714453428443534,170.8113152019941
2020-09-01,117.2573636236169,102.11559381803687,107.30650690529677,56.451942293547305,169.12806961349784
2020-09-02,117.27027967840465,101.6965089095231,107.6024496531131,55.57364749568209,168.93326362159158
2020-09-03,116.62515467007705,101.44380363979425,105.41345722586355,55.58027029836287,168.79059823409122
2020-09-04,114.26406396204388,99.81624290652037,102.84773453776882,55.023834484256575,169.52282145393366
2020-09-07,112.02550005165473,98.38147814284575,102.76782328083995,54.92889883508636,168.4536456120031
2020-09-08,113.33179228220366,99.58164274375112,104.59935280162871,55.0370552942517,168.18289474454969
2020-09-09,113.32896398629649,101.75373403296632,105.0863480381361,55.740653557826214,168.8290988027199
2020-09-10,110.38094907134708,100.9847386747269,104.33203607716202,55.03420820154255,169.30307661453327
2020-09-11,111.0596633239236,102.59517364518562,104.71173061478913,55.76376247660375,168.80732315236807
2020-09-14,115.67588181210266,106.7052365246472,109.81990543091962,56.69617848092007,168.67680427316492
2020-09-15,114.14338051491953,106.24383122166961,109.13573310899885,57.00975865435625,167.86424583677123
2020-09-16,113.96084311293504,106.5366166299429,107.69305309886687,57.61701585603581,168.68140467132955
2020-09-17,111.06984222129451,104.55346392765064,107.45082211953645,56.969811065826626,168.46960797908085
2020-09-18,111.77322583688859,105.4132391615815,108.88717142036761,57.409986316307815,169.23677612742517
2020-09-21,110.06011049898848,103.35124944467789,107.11491626843718,56.6816808508376,169.7342444726363
2020-09-22,110.48135988246331,102.5671005193607,105.40619079000267,56.76323800971977,169.25846984138317
2020-09-23,110.20581527962949,101.80381396647438,104.80402935646087,57.146426652885026,169.2103575019152
2020-09-24,110.14390463488519,101.37885966424224,105.31418368745635,57.46026054788067,169.62026097232638
2020-09-25,113.49697777167238,104.92816916449566,107.33930388388058,59.27233219934197,169.91203285662397
2020-09-28,116.26978352803476,107.32168108079124,110.88076405952914,59.768685742946005,170.8334338864337
2020-09-29,117.12131633735206,108.61956405831499,113.05119544814566,60.50816521442424,171.52156835895482
2020-09-30,117.32996964750546,109.85465374564207,115.24861151340666,60.73669147764953,171.74909174413622
2020-10-01,116.50015486147032,108.86509030906379,112.10986778471408,60.45495676921904,172.19103422321294
2020-10-02,115.3049875474949,107.5444249292675,110.50974987671242,60.218181131365924,171.8137039792625
2020-10-05,116.42573817189776,107.86449919817656,109.62276281547436,61.068370005472005,171.5041838663224
2020-10-06,117.26180378640044,106.96011668627253,108.70365760979472,61.66006282771449,171.89482094376746
2020-10-07,115.62325008365426,104.3522922937795,105.44298946272059,61.480239081351485,172.13038012715245
2020-10-08,113.1023316929515,102.76052179658437,105.23904072574688,59.68863935974716,171.5225865683705
2020-10-09,110.85702163457168,102.16700102381262,103.29378141313184,59.221024338886316,171.51546041633722
2020-10-12,112.47825771090218,103.27447188200716,104.45297942521124,60.06951186661158,171.08970004230784
2020-10-13,113.91919228716343,105.39129504527982,107.78375842529427,61.78910664376386,171.06312726995952
2020-10-14,115.74901772162443,106.73373545983287,109.93719426805204,62.74344370800824,172.1141013565017
2020-10-15,120.23487970127458,110.990085055015,116.61980211691181,64.87046715979069,171.86015164314517
2020-10-16,116.72028706876925,107.0486535943852,112.58151653699397,63.019954802783616,171.77624153828097
2020-10-19,118.97145419835951,109.50718095762238,112.56323822692057,64.89336012248089,172.40626045792223
2020-10-20,120.11830272324835,111.21411400337307,112.20188011698507,65.41842961543664,172.7503327271202
2020-10-21,119.70270595384243,110.67760712354824,110.88050565854337,64.73011731142546,173.1498838055978
2020-10-22,123.20068598812284,114.95900930413995,113.67487249891919,66.46379912488521,172.60358065201078
2020-10-23,123.30667989170914,115.92649336577026,114.23556404384514,67.31471728217035,172.88905611129795
2020-10-26,122.30542257558965,114.51627824730207,114.6597802247167,67.17635264123774,172.97286421490355
2020-10-27,122.46144249808906,112.8094111518583,114.0466551708827,66.82593114155598,172.79999640526253
2020-10-28,117.96002332772777,108.84358655477573,112.18563488441669,65.0805180133397,172.77244584669074
2020-10-29,112.42047697508444,106.78090178308793,111.1322088233355,64.47130636201703,172.9024018823668
2020-10-30,113.07528627612413,106.36869745734327,111.33005965895981,65.35460997417198,173.43943327739748
2020-11-02,111.3696644335963,106.51422962175235,110.40064966124832,65.94243541512385,174.59351996612935
2020-11-03,110.8471953049876,107.82527196875715,109.78554605247699,66.25396652394565,174.70375030778968
2020-11-04,110.32330796511552,108.45320758144663,111.12420938778907,66.92769381836386,175.62963969653995
2020-11-05,108.55733223454197,109.64445534720153,111.57584722425449,66.83538142523734,175.74254686766074
2020-11-06,107.9808874995269,111.01655707011273,111.99302231839425,66.11284936652277,174.90586184283302
2020-11-09,110.77869121596488,113.04880220617201,112.82507525787136,67.39584487680884,174.98624977403264
2020-11-10,113.33669672734814,113.73376743627506,114.85543991781664,68.38896991083726,175.794660033929
2020-11-11,111.25034301613954,112.17091543330547,113.81842938105635,67.62958686591475,176.67792374552388
2020-11-12,111.40313233816894,112.46755377784162,114.38173715633593,67.63512734097658,176.19700362594003
2020-11-13,111.96898001607651,111.9141365425123,115.76738644578946,67.51204232383678,177.5844082110417
2020-11-16,111.08228061001995,111.33217354429188,115.17952490927097,66.90599515751981,177.18870526898613
2020-11-17,111.44758764383005,111.77788498779336,116.68756313756279,66.82904743167933,176.79808745912143
2020-11-18,109.61513068065788,111.2093577459354,117.79535488690468,67.18664834177672,176.53295311420572
2020-11-19,109.11711758678955,109.91600206658487,117.81212348412775,66.79625247346596,177.45037414337256
2020-11-20,109.3302699715817,108.66266779506826,117.94321521735264,65.86290716167687,177.7402108853076
2020-11-23,108.27756026084798,108.29536210061204,118.16649280281624,65.99674465290754,178.3384791326774
2020-11-24,106.57995709077046,109.13680612731058,117.15175175782338,66.21633436490808,177.0502380980277
2020-11-25,104.4241765204329,107.96187370793729,115.63749394920697,66.6504306319092,177.0678354157956
2020-11-26,106.76298661152315,108.45635674301819,116.38805406929495,66.39349398322918,177.0498677304754
2020-11-27,109.23162524110313,109.68715931284679,116.93911335036955,66.48581479572847,177.51879970221864
2020-11-30,110.90095426642594,108.9356368474304,115.01718052714926,67.45417631219217,177.28734986492688
2020-12-01,110.1071088658002,109.79291342754038,116.37009157613227,67.7957781886024,178.05618913987902
2020-12-02,110.91529232241098,110.8252241560931,117.7755645677394,67.52584253499822,177.6921553922917
2020-12-03,110.65147674649015,110.7753260423606,117.10019105595903,67.90887871866296,176.9052978893526
2020-12-04,111.19064228010811,111.61560547603986,116.45264476895653,69.12425815355554,175.9754822374775
2020-12-07,112.44545883433446,112.77377906196322,117.92185345874367,69.57979595073314,176.78195542183872
2020-12-08,111.33354991249615,111.0433767068351,116.07371235367594,70.41986710630584,177.2876484530111
2020-12-09,112.85422638138016,111.72365382716656,117.65680348194624,69.7798972284707,176.87049249599687
2020-12-10,113.35131925574117,113.36701982827823,118.80151547230598,70.29996569527589,177.58498268973563
2020-12-11,113.44393708857734,112.96246409538087,118.7151500784926,69.99879024951146,177.53458472601403
2020-12-14,110.79612779736215,111.83607088151204,117.68319744586103,68.89257621380736,177.51437903135627
2020-12-15,112.14935532165573,110.21605534381315,118.61876564650125,68.05257911258562,176.69012508871947
2020-12-16,111.74563795277122,110.55801466854412,119.4622262318638,67.88712287154888,176.41463603605757
2020-12-17,115.4357159540196,113.0699848946999,121.68105085139432,69.11396422652703,176.5327160805652
2020-12-18,115.81362884118491,114.61057643577233,122.42681344722011,70.58916004297996,176.70788771818718
2020-12-21,116.55637880180043,115.3802342350916,122.27342517905258,70.10178163029407,176.4253189058704
2020-12-22,117.08415172837246,116.85476573300019,123.37606582442629,69.37251305127472,177.0737332817905
2020-12-23,119.33984232791954,117.00551912236179,123.36342920476562,69.74388155722136,177.99290597028775
2020-12-24,118.33103544088368,115.49620319904786,123.61401134685788,70.71334132833832,177.56017041897866
2020-12-25,116.7257235265722,114.34356707059246,122.06114560104331,70.43742059963536,177.85608191663508
2020-12-28,114.08343769131739,112.2990686479928,122.10365116440104,70.79710778754708,176.9950660602619
2020-12-29,112.92193776318271,111.24953272488771,121.68327320028303,70.3031476354383,177.2974724826999
2020-12-30,112.90773428418797,112.68552056714853,122.32934401445465,69.9033776163845,176.773971142685
2020-12-31,111.72670623408318,111.73191572282826,119.55085582195689,70.02904461110684,176.73623022136496
2021-01-01,111.14048654971384,111.97759512407985,119.88583828571264,69.55093815895941,176.8946014720414
2021-01-04,110.96558925401521,112.1924040696508,118.60663700988053,70.72253599081193,176.80474301561745
2021-01-05,111.37985109143642,114.18533848279388,119.48608459856887,72.41923582823485,177.48670965233563
2021-01-06,110.33254341587508,114.28447216970388,119.86230606757313,72.03950329589898,177.0767184117815
2021-01-07,109.97999044446172,114.63952147910801,119.65489722115161,72.00219459510451,176.85298007140656
2021-01-08,110.08619818382121,113.86018907213963,119.71039465678916,72.25704391815462,177.10395673071127
2021-01-11,111.64960040303966,114.69916776759584,121.29698609980004,72.12222960803737,177.14006487034672
2021-01-12,112.5564753362902,115.97216574592024,121.26416801885355,73.49648424366318,177.3489069195567
2021-01-13,113.16487822068748,117.08906154530297,121.57212847903378,73.18359266929669,177.27951089403896
2021-01-14,111.8868965860684,117.22745008059606,123.09637623733447,71.76048593686744,176.85364540607515
2021-01-15,113.72652272565027,117.9580723552627,124.09354110431951,72.36740634645534,177.30793775479611
2021-01-18,116.22971853046438,119.4882180769116,125.73013893049747,73.42685159820387,177.4121140337868
2021-01-19,115.67314418116341,119.08476895055323,126.51018567310055,73.19285755643821,178.01054520380757
2021-01-20,115.27970301181882,119.513583619218,126.27425193982889,73.95493113872948,178.87232604920467
2021-01-21,113.86782280069798,116.87450177238128,122.61136338336087,72.37199115774989,178.71734725433885
2021-01-22,111.96985104910134,115.86684981281459,121.86293979602536,70.69003859277059,178.32916790995387
2021-01-25,111.53175959134212,115.86703806470193,120.94362115913239,70.38777770636283,178.1143969549319
2021-01-26,109.675479156811,114.24989179964433,117.86890478975029,69.28815815116263,177.78245200467776
2021-01-27,109.42770865307487,115.01268296676876,119.39949982508257,69.51950365720818,176.65051308138092
2021-01-28,109.97059939986154,114.95851894649837,121.1201054212924,69.90989518132056,177.69193642079713
2021-01-29,109.84534759336779,114.64116027575525,120.55764004404462,68.53335150879323,177.99756753061743
2021-02-01,110.25482361191959,114.68640182565255,121.30521517001438,68.35322765250534,179.46487157936733
2021-02-02,109.95440731219477,114.6000125833437,120.28030300160206,68.5751607242886,179.18612191814432
2021-02-03,109.60376134573808,114.9832826506821,119.31199037905726,69.2776678453003,179.60490475855602
2021-02-04,110.62915661650945,115.34816223706272,118.32137330580133,68.58454055009966,179.8318377297842
2021-02-05,110.28122568395568,113.90887179677085,117.20426340804649,69.5548779801786,179.85028117761604
2021-02-08,109.88092769545122,115.20915690796849,118.42553138157845,70.00370942713666,180.50772851356803
2021-02-09,108.84114500320636,113.55956282846056,116.03328131995929,70.41061502503219,180.57156029955203
2021-02-10,109.1734890109074,112.78549038230987,114.8188242049553,69.94289982603503,180.58617114919463
2021-02-11,110.89241402792307,114.14999487434896,113.78475208741902,70.6384643101214,180.74643915356177
2021-02-12,113.64856403483157,116.73199470775609,115.99922776142529,71.82786337679123,179.4505818673817
2021-02-15,112.64451895361181,117.45992209241503,115.0765331879327,71.85166679718908,179.07767788549484
2021-02-16,112.90184005578692,116.85896954902282,115.04497612933118,71.1134366085737,178.69501881872574
2021-02-17,113.57758471781783,117.3475283513151,112.09721416815799,70.30660872129656,179.7536474771754
2021-02-18,114.41533307232679,119.0897430273055,112.79241361061987,71.32619124770252,180.17169405382103
2021-02-19,112.25942682219821,119.34865235028667,115.7862320997821,71.9497587259958,180.71134836846954
2021-02-22,115.7410044071951,122.73108383464407,117.94634854005068,73.53220666611963,181.15730174093477
2021-02-23,114.97015064435897,120.85928407957762,117.74659696356863,73.70125515212139,181.10265492776023
2021-02-24,114.79872806197076,120.6679186837893,116.87804067988526,73.44799930289861,182.17756137661806
2021-02-25,116.69929669427259,121.49114346319666,116.61577362477924,72.61371079267215,182.1134889244166
2021-02-26,116.19740951232451,121.14623828205842,114.81762109393338,72.3117405509012,181.31065031397256
2021-03-01,115.029849547994,121.78095518885502,115.07219457515774,72.09096318421582,181.7594268894829
2021-03-02,115.13272164916346,122.74303434779377,115.69482184845765,74.19218826318668,182.54764493474397
2021-03-03,114.26465443930766,121.86618951694761,112.81360362175054,75.66970626007902,182.6759600574887
2021-03-04,114.83968081192715,123.13816209697886,112.79902185641947,75.5681832374816,182.96522786797564
2021-03-05,114.91906066696313,124.93101762138681,114.5623615209686,75.81616655784367,183.62257424154757
2021-03-08,114.48274687460594,125.03357614130036,114.71845906993379,75.18276701537914,184.6375066240344
2021-03-09,113.9714726118029,124.88864039820157,115.56252092891546,75.07705139412222,185.0666312315208
2021-03-10,115.49240589578118,125.29827148459196,116.316353160726,75.0525045238003,186.18486433025495
2021-03-11,116.26207284639156,127.88351097942297,117.96336677033979,76.78776653710062,186.43350113449534
2021-03-12,113.10589472542365,128.0037104957336,118.48892982485123,75.56942141257537,187.8226102066476
2021-03-15,110.74843642765835,128.46698956533032,119.09445078654073,75.8029871477083,187.0204671692617
2021-03-16,109.57497334419837,127.9964234144293,117.42119052008913,76.55353222801482,187.68478719069296
2021-03-17,109.43821376906587,125.4983404747562,114.63709094754542,75.60600740016315,187.93457562738857
2021-03-18,107.22859280517024,125.37554857874686,116.47547741724695,76.67714327482891,188.0784586505269
2021-03-19,107.44488967476002,124.31016322147354,115.82240763170344,76.71023025097281,187.33686567972455
2021-03-22,106.1682195506007,126.24365619445928,115.17793469223092,76.77588691512649,188.08462898526307
2021-03-23,107.76500003518679,127.52933773361701,116.72949674406765,77.5785696265304,188.02934927400986
2021-03-24,103.79856990257386,124.05826559431921,114.74853374604616,76.50812865190227,187.4692716290777
2021-03-25,103.90403708467737,123.9722314486513,113.55177988709069,75.38893306718248,187.13894525945975
2021-03-26,103.50641828076877,125.11788044328176,115.15646127525443,77.05399929771218,187.0609842957467
2021-03-29,104.95815168401634,124.57271837743009,114.70966083891669,77.19819392279943,187.1936553095816
2021-03-30,107.9469598818353,127.50824843982534,116.13563003262742,79.02086192408296,186.6903558697623
2021-03-31,107.13722117584426,126.21140482906321,115.62708879525975,79.45088934567111,186.17920305087384
2021-04-01,108.66801094938742,126.77849653278777,115.89554840979869,80.72897644868898,186.50797183941927
2021-04-02,108.55913350846168,126.34447327634331,115.92093188434305,80.44887447411274,186.53122162143907
2021-04-05,110.85648007244906,127.06877638682634,115.7715189852682,80.99360718220956,187.83970326233518
2021-04-06,110.87828351726831,128.01172888389115,116.26553759153792,81.97781640289948,187.64139827917302
2021-04-07,109.8968665757931,128.1113660444418,116.05894526824845,82.03582203386377,188.1809563337139
2021-04-08,110.62028566154416,127.79720361793866,116.54143420945435,82.669498229344,189.35756697242604
2021-04-09,109.32893674623952,127.80048502950967,115.3741868305027,82.49591503251133,189.29950678178707
2021-04-12,110.15394465721933,128.28027418520733,117.4008291202993,82.65090329846939,189.99860466852886
2021-04-13,113.16060970055459,130.44026898244852,119.23866470110478,83.66370408135863,190.261914702894
2021-04-14,112.25563035238994,128.49586736965063,117.48349846102728,82.350194292457,190.3655251243561
2021-04-15,111.86546350126487,129.26657309864015,117.70131655400252,83.30072952043525,191.46702731303307
2021-04-16,110.06006816161002,128.663943548046,115.3417498494304,82.7517314342158,190.89843333777245
2021-04-19,111.29524903452082,130.16616837893545,115.55520909741026,83.33041286029736,190.580237844716
2021-04-20,110.63772094349143,132.0244449638719,116.13503370704458,82.97340132940498,189.5170601085784
2021-04-21,109.52925272435989,130.97701517530757,115.46597831967978,82.31046658193026,189.50933106377968
2021-04-22,109.57159182692737,132.4375021178116,116.71363586930339,83.12345400790007,190.20797807212156
2021-04-23,110.55471815787325,133.7237526311409,118.62429450079675,81.86141476082594,190.11459338076153
2021-04-26,110.40932026713841,134.82838545226832,119.7365434527783,82.1188830759438,190.71029369236476
2021-04-27,110.82865208682607,136.18744076215222,121.91216441279511,83.22926725368869,190.29342962913742
2021-04-28,108.73454518524626,136.37781345561123,123.18250670697924,83.03619392599215,191.0962319254783
2021-04-29,109.80646751736047,138.65509097290632,123.91820741792579,84.50393821562174,191.09322978580346
2021-04-30,109.1701808833879,139.16036592537066,123.08414130295463,83.66718395069014,190.85603422286817
2021-05-03,107.5734855692965,137.32899376820555,122.06085313871904,82.81423153791685,191.98152813625333
2021-05-04,108.22194398486924,137.2469487107599,122.19454660618953,82.62450372630147,192.04452870884612
2021-05-05,107.17743071593297,137.9940313726416,120.57048997082913,83.0330065916343,192.48483506762645
2021-05-06,109.55647484253628,139.71136822416187,121.86477208637187,83.07014200245204,192.63286136690698
2021-05-07,112.72245355766938,139.58754802450974,123.81906265889448,82.90401605166402,193.15921624597556
2021-05-10,114.2388720732039,141.15750635100858,124.6963778604901,83.4295690750933,193.30813113829532
2021-05-11,113.89523488729287,142.65663013408,124.74697366750426,83.4149902491226,192.59795200486388
2021-05-12,117.41789008123614,145.13406543249644,124.75063269501119,84.12991412869002,192.85078443861636
2021-05-13,119.37406015839707,146.23338165219775,126.35740935812399,84.31097347277849,193.23062363282435
2021-05-14,117.31177681646507,143.82333292800178,125.57306765926877,82.9790571287381,193.5526408206669
2021-05-17,118.834742807712,144.24566048905288,124.69485977062462,83.97864211902724,193.47398916231035
2021-05-18,117.86600458011998,144.88852421189645,123.26166716242113,82.72377739568554,194.7272042083368
2021-05-19,118.12976570478948,145.22694532886777,122.80085414937474,83.86577114377054,194.32130056141796
2021-05-20,117.55637028614618,146.5066665790272,123.3988091281639,84.17759264380332,194.47167822691625
2021-05-21,115.8590794943184,143.4070205753619,121.45312438924434,83.45868089962026,194.6800701362694
2021-05-24,114.29993848467892,143.30097871708142,120.36421654480432,83.62613525795237,194.0422878427477
2021-05-25,114.60659933146464,146.054003973955,121.48773869274507,84.85222174477495,193.33684612409303
2021-05-26,115.35204402946073,147.91580120134117,123.0927117266642,85.80559168777661,193.838570036146
2021-05-27,116.15477595522901,147.0407009102568,120.72614372557922,85.81760040189008,194.3488167626115
2021-05-28,117.37549065495196,149.65271351734742,122.98288226840785,85.35590685939258,194.51020201619355
2021-05-31,118.00990239865763,149.31240403529975,121.91663986632162,83.63010871847897,193.53376788695454
2021-06-01,119.06997945889886,149.49241613199476,120.87059462039329,83.66296727789143,193.41459186848945
2021-06-02,120.16267446659575,151.8338854413234,122.90982237896448,83.76034066042145,193.64005663500768
2021-06-03,119.54012400350311,151.57695395285006,124.23720222290393,84.05385152180892,194.11424906076365
2021-06-04,120.0165691249234,150.63133532883293,123.91268654375078,83.83291681564448,194.96072230108237
2021-06-07,119.74358048191591,149.9343450519333,124.19331161996831,83.07733847199759,195.32909956705487
2021-06-08,119.54105018949043,150.4966475282202,124.15307758478262,83.1736478733944,196.0325536352039
2021-06-09,117.8364055084633,149.09112644841483,124.68041998057092,82.3466914937412,197.19997517012544
2021-06-10,118.23160313291254,149.75207672766112,123.19336588581339,82.5474331318302,195.7286497159522
2021-06-11,118.56092035367607,148.62436036703255,123.86443027262592,82.58550072479889,196.45218924786377
2021-06-14,121.23938122376681,151.8164540481743,124.13475158631533,83.30622361506053,196.2339458852468
2021-06-15,123.53954531184658,151.66718414938924,124.9637091069405,83.6018517718486,196.62176162661814
2021-06-16,122.09323504948605,151.5887551736513,123.81914031445037,83.03848427831244,196.83001076902593
2021-06-17,121.98522524148372,150.0319265879448,125.9877629757199,83.75755600143108,196.22549152851977
2021-06-18,118.27503363057401,147.70225812321286,124.29788012662226,84.76204104622106,195.70045171271042
2021-06-21,119.16695010719268,147.78234455849255,123.78926160272334,85.43648588023726,196.05633169402
2021-06-22,117.26166045405799,146.85571739060163,124.24322261848681,84.07736823986902,196.00694402886353
2021-06-23,114.8985064365724,148.87099976354224,124.45906461641833,84.98509396997684,196.55806141866447
2021-06-24,112.4246580626042,148.21733861447888,122.55187463325994,84.11309765271224,196.37278090488638
2021-06-25,114.9468477713482,149.94302726031322,123.46257830916242,84.72165005655,197.86224357322402
2021-06-28,116.4638516144654,153.14410022771418,124.07903709092982,85.91588440532684,197.76207745831567
2021-06-29,118.19856206199472,154.64708663744597,124.83951405524245,86.57738356187033,199.21321325646073
2021-06-30,116.4048261738311,153.90398779904052,125.22099784956957,87.12783626781534,198.77516440231972
2021-07-01,114.28989392869877,153.10057701092214,128.98222215010307,87.00976744340981,199.21827988413125
2021-07-02,112.48942301656145,151.15505637833152,128.3113858443366,86.49757791682617,200.0415577523099
2021-07-05,111.44678445383293,149.65945002522145,124.21651453968634,86.10984959383117,199.23262138658365
2021-07-06,113.5873476049363,150.53444092604113,125.22892086133504,85.91618003767982,198.6556845807947
2021-07-07,114.56640843167251,152.2443281519122,127.08712121469097,87.25230872093914,198.99533035885318
2021-07-08,113.95471297986252,152.7518757765873,128.44962070410043,87.57603868252575,199.83193865237124
2021-07-09,112.6235736544281,150.75251099141363,127.42353014223254,87.1189626610869,200.81891145013353
2021-07-12,111.44625176670763,148.79291836410636,126.77573641416764,86.25286083978955,201.2617256309699
2021-07-13,109.79139092653891,149.13087776564856,125.4830156658101,87.18532025722365,202.0399552067529
2021-07-14,110.29549743934454,148.30888293182747,122.98229692532526,86.7805946130445,201.3215929048857
2021-07-15,109.0341799888326,146.3987005927976,122.05902201266218,87.15942011968669,201.1041866788082
2021-07-16,108.86872402837606,146.33533949939408,120.56865734078028,88.03631412283973,202.14963065374016
2021-07-19,108.07380491440324,148.42492492350658,121.3258553575582,88.69701494611687,201.84356281231865
2021-07-20,109.27638294219541,150.4168836428128,121.50618013313361,89.90459599998832,201.74892945581848
2021-07-21,110.32951563337754,150.19183625650936,124.23513150525724,89.28311361216885,200.64429297951762
2021-07-22,110.23477205576187,149.1212199729693,126.57266196980117,89.85438777319864,200.5842875803412
2021-07-23,111.80255519516751,150.5022022638991,127.33181794570083,90.8843910275192,199.58391517071107
2021-07-26,110.3110796449434,150.2245778937273,127.97967838471796,90.4788143503879,199.8919851407491
2021-07-27,109.21038112182195,149.59857545728056,127.07577060714993,90.23086494283513,200.94792256704937
2021-07-28,109.24600898605861,150.14057347950404,129.35032821029267,90.6116156882945,201.2263877786446
2021-07-29,113.34258298556503,154.5116915373005,133.75762749365865,92.34807031135641,201.40649367464061
2021-07-30,112.1109546743153,153.44530198550203,135.0881567273801,93.35626192308187,201.20325223120136
2021-08-02,113.19098064345422,156.08071384573304,136.32128875294146,94.98754970004015,201.6412383450558
2021-08-03,113.01860274324709,155.91353708582625,135.39932224346177,93.73661458379523,200.9588059425834
2021-08-04,110.84423799550149,154.03201448568888,131.64702031689174,93.07009260309115,200.71427730518394
2021-08-05,109.09747493256796,150.58532348408053,131.1417987802816,92.45968663425597,202.23928118706613
2021-08-06,112.2528235165592,153.45264377774913,132.276994320982,92.28899730859807,201.4220684810239
2021-08-09,112.62718808689694,150.870129526177,130.45761225344864,91.47439277844107,201.1058495048136
2021-08-10,113.49652720367584,150.4034893401644,129.76887652942247,89.66417540018004,200.23155869217786
2021-08-11,112.42811769937353,149.62221914149626,129.16007179779007,90.23083869206727,201.1242118456028
2021-08-12,113.03741338853612,150.07194092430564,130.35165061614074,90.22591815710865,201.02900259367152
2021-08-13,110.96944024762652,149.18066816411445,131.0861533931621,89.48272789563177,200.23691687301422
2021-08-16,110.96241011273018,148.74906510359617,131.2212514632772,88.00028094287423,199.45987937356028
2021-08-17,110.76250625076176,150.65916608452042,132.67273150402073,89.63130379130743,200.26514148777648
2021-08-18,112.56180693596276,152.05616080245358,135.87610584825805,90.49135769847176,200.78029615045145
2021-08-19,110.44557829530157,152.29331818575972,135.52521489540484,90.24450128183645,201.3800519161763
2021-08-20,109.93526702451793,151.93948269715452,135.68524142491435,91.24416411894207,201.3985523838307
2021-08-23,110.0641049556389,150.6073028286913,134.5314835398974,92.44263878684616,202.06783003713187
2021-08-24,108.55300545220715,150.9094097760447,135.70361537333523,93.62057856673067,203.0212742252414
2021-08-25,110.3055448794154,152.28345829940443,140.09524053770156,94.25514428546575,203.53630903651413
2021-08-26,108.91339963424397,154.1175705444638,142.13660069805437,94.29124832152587,202.50610314252432
2021-08-27,111.60139999830562,154.74133563588464,141.3643056948776,93.01221545852297,201.23271137966063
2021-08-30,110.06569128777126,152.79795591396496,138.9326593715094,91.3597530309289,200.3058160682374
2021-08-31,110.2662683018853,153.29050345826084,137.21045056634992,90.5822930774552,200.54297008915452
2021-09-01,109.17432029196968,153.07959942814188,136.476191136951,89.58742930821509,199.59483990495238
2021-09-02,109.28578571525361,153.58293521146746,134.4795156607876,88.47153574778422,198.92678430336082
2021-09-03,110.28215192682185,153.29234460335636,132.38180836802508,88.73801028624696,199.00399517203616
2021-09-06,111.97822011911008,155.23619838458387,132.80311150991716,89.55617586631617,198.4715838366643
2021-09-07,110.18934576868158,156.4048309275323,134.33298165169472,90.51703468852114,197.6734464691563
2021-09-08,112.29574474753537,157.9354816273321,135.27873015859532,90.828707853442,198.36268534940328
2021-09-09,115.22523756411832,159.68622800773358,135.80502093139242,90.99957618951898,198.74127295540663
2021-09-10,115.92819735372485,160.55926727209783,136.74690743154525,91.13736028403521,199.3173789166762
2021-09-13,115.60057308150805,160.03886391419366,135.68935316866035,90.52479235681423,199.98373324158308
2021-09-14,115.53444882104257,159.2910389603452,134.22811199309191,89.11899039000258,201.00288967708008
2021-09-15,115.80213758624427,157.45094711103616,132.8880800753494,89.25680711349916,201.0236551330741
2021-09-16,117.37536344592195,157.3414349164369,133.1857080058673,88.88289219318604,200.9441103404863
2021-09-17,117.96647213618424,158.46241533949163,132.79336126595013,88.97346311416015,199.80753564806946
2021-09-20,119.2587882824727,158.77707278585387,133.86563717679152,88.95449439717605,199.68884293254368
2021-09-21,118.64592544791034,157.3534158808973,134.051954825206,89.49412975133374,199.33051885223213
2021-09-22,118.34125626970055,156.92696947051505,134.01901123100325,90.74746446849622,200.07418223698133
2021-09-23,119.63908435142474,157.73507855134983,134.3679382890271,90.2380904340661,200.56812866975068
2021-09-24,122.17330455141801,158.60067523054485,136.01097501909695,91.18276007905854,201.60439665485774
2021-09-27,123.09618533102496,159.7595697405884,135.06978281051926,91.46830411176177,202.38511616057463
2021-09-28,120.27417227999105,155.91110950922166,133.42492683915702,91.18540768334051,203.2333907739161
2021-09-29,120.02236718915798,155.721114878067,133.5939005107536,91.48450878292567,203.63485100094522
2021-09-30,118.79477013604141,155.21949665507276,132.30193998712727,92.28829469359607,203.76984281715252
2021-10-01,118.99448262514144,157.04537251284327,134.724945307151,93.62446651021905,203.54765132533822
2021-10-04,121.29500116737513,160.57398408198483,136.74134828242651,96.38911005962807,203.57321920123618
2021-10-05,120.02384835086322,161.64626586400485,136.85818199755633,97.08672001482849,202.96004085709444
2021-10-06,119.6527352504496,161.23263701622938,136.29357254797048,96.42904696981091,203.26348782585956
2021-10-07,117.72486632593373,161.0157019603856,135.7586058173503,95.07893994618507,203.24292678923305
2021-10-08,113.0862536037396,159.97338268508526,135.7517998156469,93.15378001890092,201.89635192085103
2021-10-11,113.01226311729768,159.9193818907919,135.54777996313234,93.17356425025156,200.10636981634357
2021-10-12,113.09998300405873,159.9316316671766,136.00098596505876,92.03558143797055,199.6508994588009
2021-10-13,111.49831202518546,157.64931309888016,134.51817952252142,91.29218579183043,199.3704983722425
2021-10-14,110.50193513385152,156.20404998671327,132.71200074660757,90.23711091134076,199.20090666561433
2021-10-15,109.47767490877955,155.12486003717848,131.75477150574415,90.02987718217649,200.10069940397977
2021-10-18,110.07753197458159,156.15230758860588,133.98062177879248,89.6636831848163,199.71004860444975
2021-10-19,110.45689935550884,155.73924854775572,133.22978007039558,87.95413751188879,198.8900965951657
2021-10-20,109.07701886595969,155.42822441828952,132.55012228848545,89.0711108681444,199.17560794797814
2021-10-21,110.09363507509902,157.13339353149112,131.99103802521802,89.69411088782492,199.87662841491033
2021-10-22,110.02874805066854,155.6627066636686,132.627908598638,90.51009041530223,201.01426403849345
2021-10-25,111.85254915646428,156.2982041153523,131.72855012475358,89.89182341490796,200.36079508159514
2021-10-26,112.5599617009549,159.25833115908793,133.14914616646988,90.81597266464821,200.22020796474237
2021-10-27,111.92276410586904,160.69938333421572,133.04742193634974,90.72154632089071,199.96306800124998
2021-10-28,111.83350128468383,161.48594211501754,131.9802465183886,91.3964258367097,201.0078000926614
2021-10-29,112.3750548123873,162.66594227604273,130.898329442528,91.75827355275081,201.5080942787588
2021-11-01,113.4436229910557,163.92500444523867,131.08101182504416,92.31081448809427,201.55238367120663
2021-11-02,114.70742863054706,165.66088257781473,132.52302206072522,92.71795015392749,202.0710408252222
2021-11-03,111.09832897039371,161.58151082626117,130.58003745560882,91.4169819619294,201.85669293462945
2021-11-04,111.21391409627385,164.28807937626894,132.53067679514567,91.60623783160393,201.7466918314855
2021-11-05,108.87937173739708,162.08080551234283,131.43718090286086,90.68723576071194,201.75049153593415
2021-11-08,108.62566731333571,163.41831085420964,132.81086588721053,90.67913124044478,201.43861800552463
2021-11-09,107.87720979226818,164.236344263904,133.7778628925961,90.6321687300906,201.29474268280006
2021-11-10,107.11928046057555,164.8741715738228,134.1933597947581,90.26705464196623,201.55973247266576
2021-11-11,107.92881233595388,165.86479837930062,136.29172288293157,90.8000023477751,201.7488303153413
2021-11-12,111.0238338697628,169.82024955202596,140.57203212544218,90.88029299367243,202.77977280982878
2021-11-15,111.85835049163924,168.35298984816117,139.65942671927994,91.84847905173028,203.39240512213087
2021-11-16,113.52858327505342,167.00022092555037,139.86093475770758,91.50683712577451,203.36719345049644
2021-11-17,112.5051136144097,166.8494478513013,138.02984245582468,91.8307194661051,201.90227695091266
2021-11-18,112.99921069044262,168.01820260563525,139.7883401758603,93.43419000216832,200.9263031200658
2021-11-19,113.85092030889945,167.40470822917214,138.97711083465379,94.09208074270595,200.61098449925225
2021-11-22,115.13039974688861,165.9083292567957,137.25490235685993,91.91053637668153,200.37558256421565
2021-11-23,115.85108119153031,164.90768005142456,134.35904600607586,92.81344908466875,199.51973157356034
2021-11-24,116.62468844478543,165.0103902012776,133.35178627957896,91.36436281099776,199.2896615988443
2021-11-25,116.33065075561973,164.65185796553035,134.6030780824593,90.58091532733552,199.38570703990496
2021-11-26,116.07090585502866,163.3009666755968,134.11971928240717,89.74755778903251,198.98289323360382
2021-11-29,116.08417469870278,163.94009114478,134.53750844955923,89.00703795366033,198.90711398289994
2021-11-30,112.65238036894954,161.06219620005885,133.44487177647488,88.23245819782078,198.86284930776824
2021-12-01,113.78613685228541,160.9787093302121,133.22434015177194,89.53355394690745,198.41284295963203
2021-12-02,113.77171019696412,161.22545350869012,132.97434707844656,89.00775646587009,197.85728746623212
2021-12-03,113.52332664900848,161.4408540289449,135.27996621676584,89.6039637591836,197.7885734712717
2021-12-06,112.59388153569556,163.14243902626407,136.40381341029038,89.84037148964353,197.98154244703494
2021-12-07,113.55718359619797,164.9000093969074,140.90442455041716,90.75073381867436,197.30860770207912
2021-12-08,113.39237852225983,163.5451012577878,140.94012363245952,90.19190151331271,195.98069596346613
2021-12-09,115.29692255624302,164.77260386341973,142.7264185206633,90.42581398332977,195.36938485145555
2021-12-10,114.31640607694898,163.99916276567964,141.087100247719,88.68832751081749,195.7135738042956
2021-12-13,113.79899954905466,165.9158796544371,142.88743171926018,88.89443009261201,194.67328648662624
2021-12-14,112.75173495835462,164.17722139670147,142.6097738743047,89.57590439551653,195.2890710099743
2021-12-15,111.74398707247433,165.60231485668396,142.967228218266,91.68512520880535,194.91898061020754
2021-12-16,110.44549649390257,167.03978957721966,144.79830777355264,92.1667188638786,195.0127857103613
2021-12-17,111.50520021169858,168.33046659127092,145.64039651999238,90.9674366565015,194.52052465928782
2021-12-20,111.57541933936533,170.30339617147737,146.3084116926834,91.62255063576961,194.90965722581245
2021-12-21,113.95022420715158,169.36701739725558,145.9119495651891,90.65820963665641,194.95251884620814
2021-12-22,112.24461275001991,168.00931897758343,146.02475691707843,90.47636062975812,195.2036472093111
2021-12-23,110.00053834709986,164.6384785326146,144.08124379170556,88.30299543079202,193.94921891460183
2021-12-24,109.27045043143586,164.16957748760328,145.04144061508418,88.60292106126508,194.42660695745016
2021-12-27,108.42291824218222,162.43209761320256,143.51964292207327,87.94427354232647,193.3476028328438
2021-12-28,109.56843606384543,164.1686829132023,144.71118919197303,89.23433915445423,193.14117611040808
2021-12-29,111.04059618484119,166.31297933641915,145.99335656331348,88.8700579199453,193.48359658224152
2021-12-30,113.35170584602707,169.90718302315545,148.48829041272583,89.69337226053848,193.36740294708682
2021-12-31,112.29469668209573,168.15983948235416,145.60116122499159,88.09636459389891,193.69753832727056
2022-01-03,111.53717015867244,168.2682883750221,143.71977602151864,88.25625185268169,193.8138560988864
2022-01-04,111.26556660170468,167.8322214369288,146.08243990551802,89.20366041184096,193.88010700314922
2022-01-05,112.11467431567546,170.11194119034317,146.52362935344712,90.24832275922134,193.36503195228673
2022-01-06,112.82989666594816,169.54946154657634,144.01260216024292,90.54589042513003,194.02084775214553
2022-01-07,111.70633062647588,168.34414974285602,142.70102985729278,90.19936349038981,194.75530896377734
2022-01-10,113.47479591437293,167.18101392347148,141.47346832207361,91.52466867228794,194.41480257214815
2022-01-11,113.3825604992158,166.63429686627836,143.06487857678604,91.73211546814295,193.84309421047277
2022-01-12,115.28859025630824,167.86730374131787,146.54656379219642,92.9627884525978,193.9816392453708
2022-01-13,115.91409754492736,168.75564900286795,147.7251388657963,93.85472140851986,193.50098938454488
2022-01-14,118.05003513691388,170.0129568955344,147.14101750398513,95.81308610797072,193.59626829502193
2022-01-17,117.94134172581386,169.2402240711279,144.43296838086525,95.43272629979664,194.12956935720328
2022-01-18,118.09387952704307,170.46580251288378,144.63728074894837,95.92107586357692,194.56493181673508
2022-01-19,116.27790256727944,170.6382618695071,144.45131326990452,95.24298196914913,195.5297636464521
2022-01-20,115.17080683915621,170.24411688371103,145.57086013540282,94.8087969242509,195.83627219395714
2022-01-21,116.56790539357466,168.79972191684237,146.39710745080723,94.27894274170472,195.16555427026802
2022-01-24,114.84792153485606,168.46260672660227,149.13547801368642,94.15175402341602,194.61855056205422
2022-01-25,114.4540714913225,168.25030675135093,149.40700327842615,95.84294833409803,194.9702798864241
2022-01-26,113.65396784412081,167.18753760493206,147.1310992484876,96.33909256733595,196.21502356827912
2022-01-27,115.99096746475152,169.39173316498378,147.59505298964348,97.30063348216935,195.9897381604343
2022-01-28,116.36713537496348,171.10805062617447,149.14688273265222,97.83170394489787,195.40077875015174
2022-01-31,113.05496127311845,167.96187738461964,146.64814736293704,97.65054477795229,196.31280843354287
2022-02-01,115.18705226078285,172.18953276035592,148.90100866581258,98.34512867205927,196.23699226071642
2022-02-02,113.80040892576069,170.36883598430484,149.5031923962508,97.20936356294087,196.69491477144138
2022-02-03,112.21311259390608,169.9874308775799,149.2811154601228,96.02657417403795,197.40493670821138
2022-02-04,112.54240538308981,169.13072725139233,148.63161530160875,95.99848098197114,196.76763609780545
2022-02-07,112.44140603929995,169.1299328690476,148.45290982443458,96.5313218472556,196.53978236339864
2022-02-08,111.76479641492666,170.84486040898577,150.527240571205,96.4369800415727,196.183291960998
2022-02-09,110.30390961594934,171.07386620164564,148.2328537238605,97.08661948502362,196.53244560254598
2022-02-10,108.62554399653281,169.15646721526275,145.97599700496667,96.78067644643599,196.96295619177513
2022-02-11,110.69112260361318,172.2892380676283,146.45427997778324,95.6584245136348,196.644604941267
2022-02-14,110.92771320805413,171.78783971025746,146.23653408650216,95.73902939522931,197.01281143129333
2022-02-15,111.54195219829835,175.13584088455815,150.21400563834783,96.26938011647897,195.8565494519431
2022-02-16,112.87258991432844,178.81627774690503,152.98152779474395,97.55749746240215,196.08783495768515
2022-02-17,112.52580102256253,179.260511578887,153.1464189830419,97.90318927580711,196.31535801740083
2022-02-18,113.90300086189771,180.09509638955683,153.77476603711995,97.53817714016644,196.32111737115022
2022-02-21,115.92864681844533,181.0494660624912,156.33622899036646,97.63026463180088,195.38599782361848
2022-02-22,115.26040203282955,178.70151431493406,155.98067329547817,97.55726630821412,195.32515104199084
2022-02-23,114.17566117897123,176.51938412977552,153.7958757989492,96.4225572591811,194.63800359473734
2022-02-24,115.1343763789934,178.84480942984834,156.180820864422,96.92128120995285,195.57745942797067
2022-02-25,116.29259061795136,180.39539529698354,156.71509591301182,98.78893511747881,195.39445603276138
2022-02-28,115.40669113948856,180.33596590007966,157.16375698300072,98.59719993985394,195.2644283150503
2022-03-01,114.106810463992,178.9447510947885,158.8077146476952,98.2085172020824,195.19611041676347
2022-03-02,113.41585355442045,179.53126870482242,158.58827668998353,98.29928541838031,195.54778665330002
2022-03-03,115.28056054529134,180.41734886540394,162.2123775622721,98.2871754372302,195.60114498447533
2022-03-04,111.80606052015094,179.25925350768608,162.00839484027475,98.30069312826679,195.95097082662033
2022-03-07,112.54738905402355,179.8649856701748,162.91669549529578,97.72402883360917,195.35518816533266
2022-03-08,111.21191376648738,178.31897183657017,160.25930912446884,96.8339851253669,196.07019324890652
2022-03-09,112.26664467215824,178.6671841251867,160.98525977181666,95.69314025460295,195.75611210046148
2022-03-10,112.23400322033264,179.92035805276515,160.92600960269158,97.40127288622769,196.2490910253474
2022-03-11,112.27683916356861,179.60118884405045,160.7036302062425,97.84291109654674,196.4057499438591
2022-03-14,111.78713839759007,179.1581581340945,159.7937166063079,98.13984312201926,197.1044601004459
2022-03-15,112.58072245924676,179.41429372234342,158.10537263581236,97.57761974053555,197.0602423930258
2022-03-16,110.98661923700912,175.43576614186497,153.74527921107372,95.5273426071394,196.10951539564127
2022-03-17,111.8049815758305,174.98427926314403,152.83445936299418,95.86595495733646,195.3714235910252
2022-03-18,110.92581930493508,174.99159532722595,151.50454780081205,95.77724800647549,195.22871315170903
2022-03-21,113.86580145597951,178.13326191981102,154.9847582809082,96.95713127606702,196.1242923290784
2022-03-22,118.26461855336838,181.19132141586104,157.84245765010434,98.88961649998535,195.85671713615832
2022-03-23,117.57433394424577,182.55864482228472,158.5906491085027,99.8504754515163,195.895549597551
2022-03-24,116.44953698270855,180.42920592309054,154.385236360708,97.91693714476467,196.70899904389879
2022-03-25,114.46956680305274,181.40563520627074,155.53835525118208,97.28229532123534,196.3479940361387
2022-03-28,117.01377617548417,182.77770659425457,157.77085990774674,96.75852802396288,196.549599916954
2022-03-29,117.75497272533579,180.6879828743655,152.83577552759823,94.32281341691868,196.7354951870836
2022-03-30,117.62341800436944,181.50240696496752,155.89383632462807,94.75827155198347,196.3509759331879
2022-03-31,116.12058381325348,180.7597005885492,156.21921827175493,94.56384889895459,196.5031860622417
2022-04-01,115.28439112330082,181.21461524708945,155.93187587298746,94.91302510374979,197.18468682766562
2022-04-04,115.92040241262704,182.6283601100859,156.28657657116736,95.53272430890266,197.869264258713
2022-04-05,117.8508764750377,187.57401192906858,159.52089272672828,96.825262243224,197.65445224155295
2022-04-06,116.93201419685073,185.7168514226556,157.54776099577091,95.54890979916452,199.5603296139761
2022-04-07,114.53368594337611,183.5763696155262,157.71065579216003,93.35181548272621,199.79336643581163
2022-04-08,115.05230434268874,182.8423288009648,155.43107578061208,92.66796517243303,199.61542739332026
2022-04-11,115.8423222027358,182.77258046421272,155.37827815372435,93.1654413053408,199.14563786900885
2022-04-12,115.13096088556263,182.82767110581642,156.41378404269074,93.13262780481298,198.505550655476
2022-04-13,116.38416594131127,184.06496951312945,156.3345894228136,94.29066586998628,199.04350767019662
2022-04-14,113.97766603718553,182.11042103850718,153.92505782209176,92.76817523990917,197.16872748018207
2022-04-15,115.73104852286278,184.77812615501966,156.19083211420437,92.90607187479499,197.07300222806677
2022-04-18,114.79212718479354,182.8906388761009,157.0694487375428,93.37415257233867,196.18808451709134
2022-04-19,114.54978506887832,182.55388488664565,157.84202370482137,93.25017208372816,196.0814059583415
2022-04-20,112.81897306621889,178.6906754104657,158.22798354104825,93.49007349145846,196.06271030011433
2022-04-21,116.01615149127791,181.35911428309967,157.60021758255823,94.00480126323271,195.2250107995773
2022-04-22,113.91952818557523,179.9833991041843,156.99953659804706,92.75228487813594,194.596069709434
2022-04-25,114.02647823929838,180.3857062408456,154.0674496785861,92.56259346142328,195.4124611156896
2022-04-26,112.7197783543758,180.67823916122444,154.80147696034138,91.92657999987875,195.06119821775593
2022-04-27,111.6211017028697,179.24335262095823,156.76376758544865,91.18679458321327,195.06029308608817
2022-04-28,111.8013611542953,180.6622165761312,154.64289571229983,91.8477668095761,194.86145683300828
2022-04-29,111.98874032215748,178.28631646861288,152.56977734333537,90.02838506605416,195.3968481491715
2022-05-02,109.89318498894356,177.69291220130458,152.96123943735995,89.19057390638808,196.18499983673829
2022-05-03,108.45541575967879,177.1665986493024,152.65231818252462,88.62185135124612,196.78079172046395
2022-05-04,111.13235346224893,178.60736759343993,155.08991434764206,89.02932345608914,197.1417470158789
2022-05-05,112.72973653993175,180.95976820600194,157.39191142740574,89.63705587068883,197.50951670138673
2022-05-06,115.36202543484538,184.30866637556431,161.3216448360259,91.69753510899717,196.74372316187913
2022-05-09,115.56993414928094,185.8616441008445,161.8006511117722,94.02516190636064,197.5947946710794
2022-05-10,116.55368107835424,186.56018807859448,163.9081529075315,94.25957842536164,197.23514694973036
2022-05-11,115.73416301210185,187.4871195094087,164.81001827781512,95.063847776156,196.66327535974602
2022-05-12,115.16091087799589,188.06560334678812,167.08786385019047,95.43361081491706,196.42344791873197
2022-05-13,117.32309704513962,191.55548287339224,165.99928441872643,96.39593346430215,195.91434747180713
2022-05-16,116.57494477713738,189.07877147272671,161.4169584365575,95.07886641314033,196.18294435434154
2022-05-17,117.61194952507627,191.63642541130267,161.28932832865905,95.93221381671427,196.6525067819284
2022-05-18,116.18037109881718,191.3453522695855,158.25427029742983,96.15387212412564,197.48495117134
2022-05-19,114.74445666862263,186.73817664095458,154.82094077243138,94.72739153790963,197.426545316001
2022-05-20,114.65193928690094,190.1679908012436,156.63952242047242,93.84733154119063,197.04375802270545
2022-05-23,116.27723657552285,194.687178428568,159.15834877686586,94.52701848459249,196.86631463570228
2022-05-24,116.9941336970832,197.35507317444709,159.3233902178867,94.52309846215171,196.11272908553659
2022-05-25,116.17304923135094,195.6515311781916,159.05191005218785,94.92306952310808,195.64205085957911
2022-05-26,114.67961586110329,196.4365928414324,157.89798400847155,94.66939771173625,196.93351841417598
2022-05-27,112.82301625505586,195.309189874417,157.0637125270187,96.01780568916183,196.43862482142615
2022-05-30,113.47563765592317,195.95429886918714,155.68287074180546,97.0925955688886,196.14558456001552
2022-05-31,111.43499486213958,197.01190919538277,158.29659609709458,97.14353175352826,196.55468899940053
2022-06-01,110.46300778250333,197.68016785722062,158.8370790332178,97.91192204887604,196.7229492406103
2022-06-02,111.11903518692942,200.3648086423815,158.9709502912019,98.06258511834343,197.22209240111138
2022-06-03,110.05745010229475,198.9861694218456,158.40470230606368,98.31521922051941,196.66374486055517
2022-06-06,111.24415807613542,200.60381016343828,157.66111724032632,98.6859492341069,195.97834717482846
2022-06-07,111.26506839016963,195.68467366037802,155.58822729248828,98.01017253555287,196.832450372777
2022-06-08,113.77520698364776,200.1367854846377,161.9187465547529,99.00223645059361,196.39762882660267
2022-06-09,112.15702055966756,198.29249595855552,160.95679257816582,97.04256530861079,196.33755561494252
2022-06-10,113.56556070575898,202.63829386318304,165.37511820466236,99.55933087283752,196.47800085120167
2022-06-13,111.60450488037534,201.71670923235655,165.295969483437,97.05546990636506,195.29168283819948
2022-06-14,108.91711480985214,199.69652594047133,163.7859074074118,97.97590438966043,195.17148475481937
2022-06-15,110.26671725007738,199.28328636193413,161.946526848563,98.09931324239773,194.75780688093582
2022-06-16,109.69738240466134,196.91136019060642,158.86126187829896,97.21686026629955,195.0962396433715
2022-06-17,110.63169524891362,196.4969045569124,160.52547539805437,98.04283050527891,194.89977164826723
2022-06-20,106.92964062210302,193.35799507547344,156.83540762971228,96.19462850400458,193.46744909126534
2022-06-21,105.45221979526444,190.3376152529232,154.02263862220553,95.76735304864661,193.9717351946593
2022-06-22,104.28972537992168,194.510442838243,153.75840213806597,97.00105330430789,192.3525775289692
2022-06-23,105.0392413929564,194.48981675972846,151.34866570314514,97.31232031395959,192.0958537888167
2022-06-24,102.91175442842535,193.03369934170146,151.05887740544486,97.23377588530359,191.6612851129073
2022-06-27,103.91773516291181,192.57896736296863,154.98187957910213,97.65148609267891,191.27902188181213
2022-06-28,103.48418402306643,192.04379558289727,156.75182975040525,98.77388944630418,191.273604065126
2022-06-29,104.88799307941534,196.32818186420454,159.04292021516792,101.27015267125175,191.87515675300187
2022-06-30,107.5308193508634,196.63267103766307,163.74722885025835,102.24537394286241,191.32866159933155
2022-07-01,105.51462388789021,191.226158595066,161.05006518052366,100.82404923465714,190.94672291846038
2022-07-04,106.3277019613728,191.62248660038165,163.6773147229306,100.41054936268081,191.41577177622972
2022-07-05,103.89718243205283,188.65341946133572,161.41622403670445,98.35140430455189,191.73742919309782
2022-07-06,104.11709626767612,189.94692120599527,161.229491131725,100.08225578735043,192.19199990834034
2022-07-07,104.23444469233645,191.75501607418778,162.32606666725667,99.65427434630443,192.40506110382802
2022-07-08,105.93689982138473,190.28491484728895,165.84845596442267,99.30029793701954,192.25346838779876
2022-07-11,106.95321942703603,193.21366810344884,166.40494777806356,99.1058173087525,191.94721774144153
2022-07-12,106.54030195161603,192.19352906420033,167.57262131439683,99.14853856736843,191.65081307855098
2022-07-13,103.79634618006348,192.410912199084,165.98097549851673,99.25704398521428,192.22523619405968
2022-07-14,105.06849726941248,194.70903878341215,168.30864474724024,100.87566665607119,193.17509330078371
2022-07-15,105.17186943769615,194.27875002030285,168.7802127444469,100.80761249826011,194.44041170746402
2022-07-18,106.30647810528147,194.83105868825353,168.3128212682365,100.13359356806095,193.7795164082276
2022-07-19,108.15174798570679,195.92661292089656,168.45642358504438,100.08141691003604,193.63108846535874
2022-07-20,107.80046253381657,196.86592264925176,166.6986182458895,100.30583077157726,193.6369312689996
2022-07-21,106.56658185620147,197.53691308823974,169.18071699868412,99.07543333109423,193.53505426778574
2022-07-22,109.54193119043214,198.59573006148264,168.83586749631877,99.54793289404947,192.82158606096525
2022-07-25,109.94789172447108,200.33241158926523,165.7792474359643,97.71758408221433,194.2132672523529
2022-07-26,109.30323641818951,202.44602017845227,167.14994342416557,98.46549518186036,195.1841387284531
2022-07-27,108.0416378884571,201.71971928257872,166.19948565128254,99.71600568993094,195.08215351473237
2022-07-28,107.07427989772194,199.91586573314277,164.30679237861935,99.6925639697152,194.79422108780523
2022-07-29,106.83874668918061,202.10993468168778,163.4199356532295,101.38563366612144,194.79245347019696
2022-08-01,105.50507073787887,197.91410341931567,160.49929991614871,100.39881849512669,194.02215273496338
2022-08-02,104.97801525365011,196.6036900396954,160.0028112443941,101.6592515724666,193.8093346269509
2022-08-03,105.66084381156075,196.50594447561275,158.4573549533562,101.23672943047669,194.3071586996981
2022-08-04,106.09319157427718,195.5221181766985,158.80847305003394,100.49154016810185,195.3736035539169
2022-08-05,106.31207042571202,197.07134401302434,156.7281824006857,101.07938249594011,195.951152437469
2022-08-08,107.23833893588655,199.32267839876067,158.1144264654572,102.33091877078233,196.7945017240814
2022-08-09,108.23825352024082,199.26777435992736,157.1012512444646,101.49359183034706,196.1153409393392
2022-08-10,108.53079246244204,201.30548332757084,157.8256114303557,101.4924151974629,194.03683221154424
2022-08-11,108.26014847799195,200.79030069942752,157.9829046334511,101.41423923758089,194.9245311906175
2022-08-12,107.01896183724715,197.983532575785,157.2534433861625,100.50296788295607,195.04721117872106
2022-08-15,106.5901593255707,194.30059174922027,152.81042319135238,98.25258639692896,194.99854420175384
2022-08-16,108.41994069357371,195.65821700796496,154.64063227948142,98.94838119666068,196.0812028183945
2022-08-17,105.50842363197444,193.184950438217,149.6432876341838,97.64295440177712,195.4635600186481
2022-08-18,104.03652054992591,192.71667974958467,148.1584423141821,97.38423973684246,194.85220122722706
2022-08-19,105.58561938725582,194.1310672327174,148.0093749162861,97.3362178606397,194.37899740127992
2022-08-22,105.56772831628749,195.15482331713793,147.97145993780634,98.9705380050042,195.42445283274407
2022-08-23,106.05484368560508,192.06735364158044,149.2708499312389,99.0677813399487,196.04095724839533
2022-08-24,107.11942090258884,188.8276191266923,146.85215501732614,99.00697145441274,194.89377752182736
2022-08-25,107.06853902991946,186.59262139779332,146.77998447325496,98.6177356736237,195.96881514313026
2022-08-26,107.2810682425936,184.7228206428824,147.87069538464115,97.30242512629572,195.9824703347585
2022-08-29,108.8035369158166,185.5812195883419,149.69738201156122,98.39845284622669,196.26398359281535
2022-08-30,107.00902099158749,184.70807153252312,148.40239748065764,98.51673564280702,195.76743078748373
2022-08-31,107.40522460480804,184.73392759140634,150.32431097160205,98.79549738924115,196.99328275265978
2022-09-01,106.51201926311884,181.8433385120958,147.81966111128872,98.85327773610307,197.28345680799805
2022-09-02,107.02709656027712,182.47306565985016,146.94239735547598,99.05429275590939,198.15003020527953
2022-09-05,103.9366852831336,179.14435075992364,146.30001764288733,98.45135034585084,197.50100156153408
2022-09-06,103.0394591522487,177.874432877612,145.48444622577003,100.04333725217245,197.9633820751527
2022-09-07,102.4788932991543,177.78576873731535,144.60367372842677,99.98055870225684,198.02743351927072
2022-09-08,103.05349989965993,177.86483776221328,147.72660336951583,99.21530599025806,197.88413549832683
2022-09-09,104.34295020951564,182.83160954453137,152.79288592913562,101.01324526217776,197.3560702603586
2022-09-12,105.77478740673925,185.12012394820258,156.73282701320258,101.36084331675464,196.90283597125412
2022-09-13,105.87526275715145,183.43038570648343,155.47185263883324,100.21384148249759,196.14526326810363
2022-09-14,105.93585434970791,184.03535425953928,157.67302425278328,100.28396121225458,195.7183073761029
2022-09-15,105.81671813527693,184.40870908613468,158.84051569887987,100.99775961186327,195.70614410868038
2022-09-16,105.0259300087437,186.7029278510363,160.53544762952035,101.94485785950786,196.08915365694398
2022-09-19,104.47629420795003,187.36854386487784,158.78473578192356,102.92532697437431,195.080587966205
2022-09-20,106.3281036027754,191.20578936077294,162.18613338834092,104.40684587903463,194.41503236534714
2022-09-21,104.29669862269945,188.8241456349824,160.21027064618985,102.59648268420824,194.0238478706283
2022-09-22,104.83620191674316,188.27613270073024,160.88147506016375,103.35054424328706,192.97540864966064
2022-09-23,104.12248569302889,186.18826522291045,159.3594987689257,103.54594962921917,192.79427229364404
2022-09-26,106.83544360299655,188.5335524447362,162.841227210509,103.21385772790175,192.62855838233276
2022-09-27,106.56794949567201,187.82720510284275,161.11157432902286,104.84207061535488,192.50994818586074
2022-09-28,107.58312423762658,188.62409796434258,161.30371135398562,104.57096466115674,192.7771699648715
2022-09-29,108.09051561080003,190.24900254547092,162.46083168972183,104.16084951918691,193.38548222031278
2022-09-30,109.94602315667383,192.21366740397673,163.96452799007258,105.00404652872058,193.90452395810237
2022-10-03,109.30812254294668,192.21977478151996,162.89990305888261,106.19679216551378,194.08809285443772
2022-10-04,107.56521439563352,192.69233530044252,164.16115193250957,106.10959017261771,194.47349902273942
2022-10-05,109.1048224195133,192.1272708636999,165.78029296980654,104.74989010774092,193.96358508982593
2022-10-06,110.91013649231121,195.9841364330521,168.1030115221053,106.01944691139823,193.36075233514956
2022-10-07,111.91829296423137,198.40207143858055,170.33246108012145,109.14046947149546,193.78051512397255
2022-10-10,112.66895731724387,199.67874510675892,174.2966368684823,109.92970439390433,194.14843283820974
2022-10-11,111.36506657839118,197.96369203832614,170.88174106415576,110.66304365908036,195.5743503209486
2022-10-12,112.00087875231794,200.29492689357164,172.80499835902057,112.61395578269735,195.43140793823548
2022-10-13,111.72725935954718,200.15126726909008,172.2343637254258,112.30027619911651,194.79413402463643
2022-10-14,112.36203926022377,198.08796333510455,167.29232017335227,110.35682016476198,194.98677948879123
2022-10-17,113.79369290972514,197.88731429069574,168.7148366605182,110.31397933619054,194.69929046416283
2022-10-18,115.5322676332802,201.28743229324613,170.96211291040842,111.00079789878565,194.126670309595
2022-10-19,115.98632770385701,202.03338304732682,171.69273116814097,111.2159832498467,195.0138430410079
2022-10-20,116.40795106253799,200.19942078830954,172.5454644143354,109.47812071325971,196.27205244605588
2022-10-21,117.47508555756873,200.08868833213893,173.8719053968562,110.55424950580137,196.51876946328147
2022-10-24,117.25498779987838,198.42362946267755,173.64369388164758,110.71424623519226,196.09568867790523
2022-10-25,114.3469376599757,193.7381595946902,171.82595662549343,106.81883247412307,196.26659038698804
2022-10-26,118.33786768107335,199.04276946921235,177.05522934490503,110.00944151647167,196.23544722172176
2022-10-27,117.12522501841998,199.05407780706915,176.4890950745124,110.55832634307596,195.3339198418188
2022-10-28,117.97712327717215,197.2295111818791,175.9836372404316,109.41229514868888,195.88183573695576
2022-10-31,116.86770779261984,196.67645995659194,177.44310273155222,110.95315452969292,196.11152285880658
2022-11-01,118.20520487086623,196.50783104128408,179.905711390734,109.53552582904102,196.93777581187024
2022-11-02,118.53604881199509,194.3353948724922,179.8229437095884,108.58917392118887,196.57888913914167
2022-11-03,116.7424397869502,191.46422300674993,173.76590305299038,106.36667021201194,196.57316933719343
2022-11-04,116.66186957876494,190.22228359312066,170.89797403101556,106.42782246832851,196.5025619757973
2022-11-07,117.51086912362693,193.40764357745746,171.7798987510107,107.695478367808,195.38287637954767
2022-11-08,117.21931897734544,194.69832120680954,171.62399020876376,108.06597733023557,197.02980946114386
2022-11-09,122.10645566132389,204.5925485923775,179.51148793489824,112.64969673895078,195.66739741567412
2022-11-10,123.67269183588525,208.85083831595162,183.61472379764095,111.78787721889137,194.9280359542118
2022-11-11,121.31910512487758,208.42915043876914,183.11175433592064,111.18068954934289,194.70342791904122
2022-11-14,120.40736068215895,205.6208165995304,180.8295187956392,109.62170662899146,193.6974887018709
2022-11-15,121.30023160493342,205.26602143987347,183.44306190998333,108.99560606128284,193.97629126286225
2022-11-16,120.60431442482115,203.41290104447802,183.47292627790583,108.59065643021293,193.68319121902567
2022-11-17,122.14989853656589,206.8512728575431,187.6317670878348,109.66203582538658,193.73881525046642
2022-11-18,123.17887955160447,208.38633408373641,189.79702291356563,109.33770515540972,193.89800900926147
2022-11-21,124.01619395088761,211.3621147004086,191.02459497875682,110.4499520121385,193.95511772772326
2022-11-22,123.17893060248704,212.1788211555737,191.84325947911844,111.73484122987102,194.0278185574735
2022-11-23,122.23418107498223,209.1513476070923,192.34117177650455,109.1712330346741,193.9399449667888
2022-11-24,120.08190052236596,207.01227327476542,190.94287566811005,109.07527525671215,194.22673428290395
2022-11-25,118.46452946873207,201.62747114111932,186.74097133224106,107.33132544376606,194.76277829162822
2022-11-28,118.1536654398247,204.1742358735492,188.7337267941677,108.86890599607071,194.6073330997905
2022-11-29,119.08543430362468,207.75367496467143,188.63991690204313,110.01954477664444,194.32852005182488
2022-11-30,119.30142889937407,206.84216617736396,189.87515657107483,110.68992430836033,194.08042002900478
2022-12-01,118.9830284881478,206.9733729650314,190.31685906523472,111.06233273555313,194.29235255673547
2022-12-02,119.98589668273196,207.38995517981914,193.69470763206274,111.08079035408413,194.06600094139935
2022-12-05,118.92551197599168,206.32978438625358,192.15630227159025,112.41505280106803,193.8312736576538
2022-12-06,118.88148032581822,205.72014173945527,191.98366140970683,112.33385478888174,192.87039574158962
2022-12-07,118.0851047240222,207.90559324089858,196.13705402316214,112.0651720393955,194.1324481618039
2022-12-08,119.5553344048637,208.91778659456403,196.21362147492076,112.75605008395291,193.34784827583957
2022-12-09,122.12347101651054,210.23945571795028,195.23266510402533,112.34021590506418,194.452821499448
2022-12-12,122.71081266129653,210.293896972736,198.04056032760286,113.06712829689356,194.98821392368842
2022-12-13,121.54426578157229,209.50283798382281,197.00068938448496,113.20575557860204,195.67486742189737
2022-12-14,122.93600486217835,209.39329184037425,193.36082600093258,112.21844243222485,195.8627912902653
2022-12-15,123.66350362107401,209.8049229436452,196.18860087266393,112.59376412085717,196.20379115608603
2022-12-16,125.24284188597963,211.32234328216595,198.4741082200547,112.39843906146227,196.41338454077584
2022-12-19,124.1344488247164,211.60097931043381,198.4383323935518,113.1011312736669,196.82238016925868
2022-12-20,123.92463584045004,209.48237624054272,194.79272932167117,113.19941365273876,197.39648781211562
2022-12-21,123.67423504460997,208.04127621983173,191.76309368122153,113.4655036490999,198.42738534928623
2022-12-22,125.55739247502427,207.1637408223082,191.4513895794429,110.83814411916559,197.78963285316513
2022-12-23,125.54842340737453,204.729137671775,192.56287384829156,111.91132560986037,198.13615824457418
2022-12-26,123.28172940715992,199.4692115002996,182.69916645380565,109.18196868585413,199.23570292345465
2022-12-27,123.94534602752161,202.6165107518266,185.20268275556307,110.65990800110458,200.1941135462146
2022-12-28,126.15320959245895,203.48854515202984,188.82487931448136,110.69299345134604,199.53049407455742
2022-12-29,127.62490910104667,206.4337494317582,192.3657925410824,112.21604332256503,199.7647285197457
2022-12-30,127.582774736073,205.43361099811696,191.59139235297508,111.46899252374243,199.97765155054356
2023-01-02,126.13234437363316,205.88440204762176,192.692316823989,112.34492639131517,200.17033382268198
2023-01-03,125.91234545702741,204.31210554616763,191.56713183316668,112.86493882384931,198.68656991836994
2023-01-04,128.39267574717542,209.67081291219435,196.941464388034,116.94573238612753,199.29254602817736
2023-01-05,130.0786770363915,209.39331574254442,196.33744936150646,117.3122427835483,198.24455785334064
2023-01-06,129.109925546556,206.6794738413221,194.19919912956826,116.62146328752931,199.73835496068452
2023-01-09,131.12160077617034,209.0402669849961,196.64319001524953,118.71705814470613,200.2099356660013
2023-01-10,132.63422166464272,212.12043645629862,202.9523034106645,119.88253775213163,200.17433110922553
2023-01-11,133.3503162832036,213.0767517438222,206.15162431969733,120.03798275096005,200.6330903663914
2023-01-12,133.1949256721279,210.08373517640075,203.4973850634274,119.35308251538486,200.76170123813145
2023-01-13,134.2569502699611,210.48294930278533,199.56000967763043,120.44751178748685,200.43390699532222
2023-01-16,136.58737002556748,209.79907062383728,195.03555942330917,122.29484976494449,200.40427561084363
2023-01-17,134.55674068145274,207.47022004304654,190.58886762699981,121.84427160712733,200.67273997849804
2023-01-18,136.41762691573675,210.97304961625215,191.8636659610337,123.34494141429815,200.16317304828388
2023-01-19,133.9633824948622,211.03887472676269,190.77643904515458,121.72183020440039,200.6802704787992
2023-01-20,138.00062653086306,213.99633575280723,194.17854215348004,124.11617934179158,201.47256663024916
2023-01-23,135.7694991141798,212.05346571745648,191.29896081989813,122.04663919491267,202.23953324671334
2023-01-24,138.02016915158194,214.2101617917635,196.6948805551897,122.19903364062468,203.08245878275986
2023-01-25,137.7683952181568,211.7594439737865,191.88692297848567,120.50117832411252,204.0125949754111
2023-01-26,139.07048551221203,214.41235994127786,190.8940009690441,120.4398070342123,204.53710636451666
2023-01-27,137.9553222340504,213.60462449246737,191.63531151913463,121.06613132569304,205.48250111569257
2023-01-30,137.68414435254198,213.45951940034692,189.84171241965916,120.61674322939508,205.5650875962619
2023-01-31,137.5808868529405,213.1246734302573,186.92264391678108,117.79481359590105,205.88955151660264
2023-02-01,136.91734051536014,211.0424733793905,186.10427865115338,118.39062527006334,206.92016169705894
2023-02-02,135.35001881957723,208.63956712695744,182.37517172704003,117.51777787853894,208.32246287221915
2023-02-03,134.12883014337106,206.34057092690057,179.00344355438042,115.45195893193505,208.1169731264506
2023-02-06,132.9884745569733,202.04513177684805,176.9788502535777,114.3798101377983,207.1396902339039
2023-02-07,133.532385811136,203.82999814574757,178.43850845348575,114.61185718708408,208.69078054695714
2023-02-08,133.55140002373147,204.15740785888855,177.6973282570236,115.72573157730682,209.5525851672353
2023-02-09,134.54031308940574,204.16566084031618,177.13502379446933,116.89786059121576,210.89553678231206
2023-02-10,130.86644613287487,201.40215889043242,172.86092367366962,116.84947282310287,211.5864587316424
2023-02-13,131.3870055960789,200.49391700141737,172.0484073202046,116.04863567666706,211.80408477543816
2023-02-14,129.90914929241276,198.21260448789616,170.95399779026326,113.02798910232872,211.39341356401275
2023-02-15,128.76269849517598,196.7781636753955,169.9841672485334,114.43108635295862,210.75145095130412
2023-02-16,128.87640056151795,198.6297188313106,172.02622990949783,115.58455852481147,211.83675565197711
2023-02-17,131.43029813236382,199.29390170758379,169.79049933567433,116.92421966793312,212.5908468104172
2023-02-20,130.6942913743091,201.16494159187462,168.80948762406317,115.54903198029976,212.86665049687903
2023-02-21,130.5536436433393,201.921148419393,170.10183371069238,115.52379249519724,212.11034027129122
2023-02-22,129.28373033069192,201.99357461189345,168.35612943837853,116.46514742094878,211.78030883421633
2023-02-23,126.93100044990409,201.26372387638384,166.1990488184501,117.8367654327368,211.3811195787755
2023-02-24,125.4892516517312,201.36027787723566,166.7833398347059,116.86926614796118,211.2107519791843
2023-02-27,125.2708878653106,200.90868381789497,166.0017180624691,117.37424137531825,209.19897380886533
2023-02-28,127.06364865533337,201.8614306191909,166.7722618794735,117.32955245575072,209.40560832048553
2023-03-01,127.51470411476792,201.883318971124,168.06634682801345,117.70364213786489,210.56609832896086
2023-03-02,129.42415945965388,201.06579018775705,166.7277075153831,118.41571776324649,210.2228702204779
2023-03-03,129.7736046949908,200.1895213981094,168.22951125176334,120.09155005097413,210.28822324175073
2023-03-06,129.22117507017907,196.78855193201977,165.98262351135634,119.45313294198712,210.53173838150406
2023-03-07,127.27842593704446,193.67420121389586,162.28995651119538,117.37846281369168,209.8645801704299
2023-03-08,126.65246326683805,193.10562480889857,162.41526803790313,117.40923470605216,210.21829275577448
2023-03-09,124.79969830088402,190.15813879695472,160.52143023607192,117.5346821346165,209.68421641982152
2023-03-10,125.58824903876067,191.11689325967208,161.92183683970902,117.53500299454072,209.41736837431057
2023-03-13,124.66652748328113,189.59216933118287,163.32194015702348,117.46054455512403,209.64392890862675
2023-03-14,124.92563186502422,191.78141142462374,165.56690694035072,120.9939271957195,209.65082195264887
2023-03-15,124.7212442704875,191.9132196368831,166.4879235170328,119.93185894775873,209.7658920728037
2023-03-16,126.11896231945497,191.65661922219638,164.7085870490402,121.33475216500975,209.15633869646402
2023-03-17,126.13470523869337,193.50685726453395,166.6233142866741,122.62555661723478,209.7218511334896
2023-03-20,127.22902295358203,193.13120960491165,165.76905072152985,122.13676138916223,208.99510494853476
2023-03-21,127.12674818855425,193.07998880975632,168.0095398724204,122.54721298077085,209.64433163150352
2023-03-22,127.80338595522724,195.40629450446298,169.74790172768945,122.9221568075487,209.3473607248253
2023-03-23,126.27178277563405,195.30671500060237,170.24106155692493,123.27017689584905,208.5494032800375
2023-03-24,129.43315021022042,199.5226510944905,173.57610709035885,125.08089769000779,208.53324593599436
2023-03-27,130.85746555518924,198.17272362132584,174.06737299771785,125.37379867764704,207.82992354898903
2023-03-28,132.16249622702665,198.87596966926807,178.50762175547808,126.61177513851041,207.5008799583296
2023-03-29,130.79492308145464,198.23833813458842,177.8623955724466,124.74773187268502,207.44060889784416
2023-03-30,129.58559290984377,196.70351464748558,175.76317468317092,124.8558424157069,208.04127278239113
2023-03-31,127.1779335755805,196.75564518415717,176.71172113103972,124.82094969930083,208.65347172064523
2023-04-03,125.61646172133966,195.07413442351873,177.79755552135805,124.34779665652881,209.041344789637
2023-04-04,125.11646030234196,195.58593600200317,175.53014446221633,124.09252605720734,208.88629190278775
2023-04-05,125.70218729889196,196.23421259203303,175.85326742082097,122.71489290687852,207.8500124413122
2023-04-06,127.69926338727788,199.50828036552676,178.05146331682872,122.33930933298522,207.73778637769178
2023-04-07,128.95524043163437,198.82421990283405,179.55784151061428,123.05921907269948,207.55692158880996
2023-04-10,128.70545229133546,199.9646530244122,180.03043881550315,123.75553163791784,207.5114957910156
2023-04-11,126.79750325045131,200.6515083764583,179.97601973607328,125.78967124821096,207.1848232780022
2023-04-12,125.31139371809314,199.81575084765439,178.25885195561546,127.75825410172739,206.86114117413547
2023-04-13,122.69439773548069,200.76321396508126,177.14075671568128,129.51877497541213,207.47641123464885
2023-04-14,123.96779096973465,203.71781341406495,178.8291610279021,127.18617552583194,206.5801737627309
2023-04-17,123.45206944782628,201.27589781862588,176.44338020920216,126.4346625713927,206.6328719383935
2023-04-18,125.00976575876462,200.44194695435345,175.28163769915147,124.44791223486511,207.56997992562373
2023-04-19,124.81857443560274,200.1329093104912,175.21803105709603,123.28703238631115,207.07107989319172
2023-04-20,122.35591859762039,196.79050236998694,174.16695137885554,122.60282730500649,206.42097453152198
2023-04-21,120.80897717977366,195.35675720598425,174.28208633985295,120.2372392113507,206.30918957015206
2023-04-24,121.27865897388992,195.59179624582876,175.43304309441712,118.86754013780592,206.11374668192366
2023-04-25,120.23723574777163,193.9748378648883,175.43661245218783,118.91891400857888,206.34467075577982
2023-04-26,121.30956080897712,196.87703288084816,179.73247770786415,119.10921898460715,207.34765122228688
2023-04-27,121.85502409175872,196.05444210187426,177.65747052012176,118.61908903668281,207.30429914951944
2023-04-28,120.87794010723434,197.5959893376327,178.912414809566,119.72510389263601,207.74620168284596
2023-05-01,120.64402728217338,194.67407310837905,182.76892795995403,120.13314887359783,207.38096384954514
2023-05-02,120.02487197364653,194.26495892676888,183.86269294382714,119.39020499383435,207.08134614534436
2023-05-03,119.91740461097851,195.32137431722538,182.21728652246944,119.36504320304108,207.33507202376526
2023-05-04,120.28076865422364,193.08651202974488,179.08431633173075,118.43482159146743,206.9066587943574
2023-05-05,119.15548928296957,192.77971207687085,178.61984698744106,117.53121875110143,207.8029037782906
2023-05-08,119.3993179445761,192.16561071047607,176.765436037715,116.75714617486899,207.5613435447759
2023-05-09,120.33647872258638,192.56577828519983,177.3431107095062,117.47029315881494,207.4922396186571
2023-05-10,122.79186103833884,193.2592652564209,179.03184853044064,117.41649701401917,206.80022438424493
2023-05-11,123.45127276943848,193.7640048847087,179.46640468790162,117.18752578332979,206.53810112710954
2023-05-12,123.44908280307381,193.57197566923833,173.7058514227818,117.40966425849906,205.87716368660978
2023-05-15,125.86027614483697,197.69657862252006,176.0681763243633,118.78637138252428,205.57875365651802
2023-05-16,123.19450819458693,194.61324589677815,171.37476787609535,117.5163734479705,204.37851044769135
2023-05-17,123.49706067855419,194.70757198464023,170.40777848191894,117.21667725222301,204.41552551840934
2023-05-18,122.95855578141075,194.42196145757836,168.67581275238746,116.55265213955394,205.6849036852984
2023-05-19,125.15918553004003,200.2576599428001,174.5071225187333,119.08313493993248,204.41289637806824
2023-05-22,124.24569299191013,199.22035368330805,171.90765511098348,119.50568230174241,205.6769905937911
2023-05-23,121.57721028193369,196.65996094697442,170.29690085972,118.53956672121404,205.6360233347898
2023-05-24,121.84662884781415,200.39186856977943,170.0596352006286,117.46900248932073,206.30502400129154
2023-05-25,123.55866576200492,204.64611060676515,171.96031450939202,119.07799519573248,205.63773203179812
2023-05-26,120.35018601853213,201.14466693554743,172.23812220222158,117.80125664632206,207.11636155814986
2023-05-29,123.13769276443374,207.08605730037766,178.44553221094347,119.19582587303643,206.39710099202148
2023-05-30,123.75700240293142,210.200545714345,183.95542435643077,119.4828719553358,206.38641990714132
2023-05-31,123.75023304948857,210.19834746739988,187.05717282234335,119.15220703411349,207.53433161028943
2023-06-01,122.80418526927279,207.75545826113097,187.40496198743298,118.20203953860951,206.6709751080813
2023-06-02,120.41188653023309,204.51321052894946,184.48406812195094,116.15289548004688,205.06466046477607
2023-06-05,118.42850901896878,198.49858148648872,181.3673852864347,115.94156608250823,205.05639559423142
2023-06-06,119.25404996727463,201.3630099738662,182.8484948778648,116.8178561901039,204.55863149346237
2023-06-07,115.07812004996127,191.80335518987158,175.6250396207231,112.00047988200743,203.91845267101547
2023-06-08,113.48219368062185,191.8176926729622,176.83281016302274,111.88487098214578,203.32047831282512
2023-06-09,114.01677596392221,188.55393531952208,173.15262545642193,110.2255967502736,202.34055572092225
2023-06-12,113.09848030956655,185.91806498396397,172.23358635990766,110.78180549426429,203.35934384950835
2023-06-13,117.21504639269511,191.4936993620271,179.82596875252878,113.68978168469496,204.25575904520215
2023-06-14,114.72824134330047,190.0468500428622,179.5723801650765,113.97831830346337,203.34061903166173
2023-06-15,115.01986871179675,192.35250207552644,183.63088374416432,115.16824681617095,203.30750243931126
2023-06-16,118.26961863505645,195.81408500538654,187.59728158748388,115.13369889538967,203.02690645952458
2023-06-19,117.04454952012375,198.15396895753238,191.889893609391,116.0725722943728,203.8399367117694
2023-06-20,119.15931390537114,203.46840233409233,196.62736760137975,116.32845077567411,203.29327332715332
2023-06-21,119.43155973660366,201.85547190353924,196.7506200024644,115.21918811665171,204.4739593589608
2023-06-22,125.69128391569626,208.50166051453792,202.21286126817324,118.83896683232456,204.5173377369883
2023-06-23,123.78122885245529,208.2772877877845,202.08232705501555,118.20548288810424,204.00291651458113
2023-06-26,120.50218429243233,204.6243119541031,197.2558580127316,117.68015680757857,203.98045929335976
2023-06-27,118.97907465787796,202.78848044893755,191.62927653998852,117.47062268580089,203.91552612073633
2023-06-28,118.89476370885612,203.62426523575246,191.98365268913383,116.74995811233954,205.85971588396816
2023-06-29,119.83882915227835,205.5844217892552,192.75722890502524,116.99348007552982,206.31453555316762
2023-06-30,121.9569565133493,209.8706367183537,198.71201546093639,119.08479304852844,206.32061250471966
2023-07-03,123.72238906088396,212.77620836481438,204.94545868254232,120.51898803156831,206.7383855703241
2023-07-04,125.3254803902025,220.20431633296624,210.42398335192024,125.00797415353544,208.14705167326312
2023-07-05,130.1793610588053,226.77888189837302,217.0421245474581,127.08464529535586,207.80729559842445
2023-07-06,127.22054835430782,226.1996464842865,211.99255731377852,125.55901023856457,206.95015118306327
2023-07-07,124.89398248298748,223.21865350041463,206.6099053238044,124.93650220078048,208.24299947343115
2023-07-10,126.10358135041572,223.31516693285155,208.04125165103383,125.24213386773391,209.0383809723502
2023-07-11,119.79416705103488,209.0232004492529,198.90649165212972,117.8494680627225,209.06556674917428
2023-07-12,118.8154716372837,209.19785520894695,198.76451681480668,118.68441203771911,209.36072414169337
2023-07-13,122.64033062011985,215.71770108248666,206.86076539389722,121.10220253681554,210.5195870502708
2023-07-14,117.71928385264052,212.6916246335604,201.63632193535125,120.48472966975655,208.8943702032374
2023-07-17,119.82671147289223,217.6649314081076,203.6603174354573,122.27405243083307,210.17179913975204
2023-07-18,125.7922325586766,229.12724195158694,218.09921280375693,126.59878639764732,210.3977887727756
2023-07-19,127.83068343777893,231.21039905747955,220.2268685599267,129.5958467626108,211.24759926891065
2023-07-20,128.31216836566082,233.65292917647253,220.64021768511589,130.3220610971503,211.56540196554752
2023-07-21,128.42135361963307,233.32846492388643,220.70729730743648,130.48546955049653,214.20737789027064
2023-07-24,128.835667612949,233.5030851310289,220.34664728907552,129.90219799452305,214.10692979543248
2023-07-25,130.30068406865038,238.77786912665707,224.07847066774283,131.50862385977845,215.28787804523378
2023-07-26,125.91315109714007,232.23126957442406,218.9670583902226,127.64911922027724,213.70715622524224
2023-07-27,119.88931094930939,221.4152873508195,207.7228155536885,124.49601192678116,214.095284465535
2023-07-28,125.2686225812213,231.26606587081037,219.7974384689468,129.61569177154732,215.04295190408595
2023-07-31,125.37049159910406,231.20457555497208,224.49868349368575,131.73701332222407,213.92860042070006
2023-08-01,124.41842188628623,233.96468261611398,226.0585618873731,132.12372012085126,212.46091846224385
2023-08-02,124.21679254246423,234.93675971531945,225.63048596361077,133.17067385844362,212.56946941899795
2023-08-03,126.30633792345685,238.66665591133525,226.41309926098722,136.47600817457524,213.35728393595554
2023-08-04,128.5892378545905,244.8360619065601,231.64836406536372,140.32295431647697,214.27661152158825
2023-08-07,127.56937468335411,246.02020800856602,233.5779288567935,140.84935067163414,213.80328165044068
2023-08-08,127.3709822840605,249.84788889471022,234.96691423208645,144.35086224461645,214.09834576798207
2023-08-09,127.65662442530454,251.57814971990268,237.54283832373523,142.72436217517082,213.08427127787536
2023-08-10,125.52070326530998,244.74601520426572,234.72616079689752,142.0194355020482,214.42093702636566
2023-08-11,125.69812277678281,246.19371026262357,238.3892345571736,142.0370746650646,214.03012565044133
2023-08-14,126.69181061126208,249.23423558016208,241.42524493929486,142.55020996908632,215.02036928212823
2023-08-15,127.98917114947695,248.78152356818407,235.91683405747125,142.30017315803073,214.8548414040268
2023-08-16,128.38018999315364,252.21160262483028,236.31300595746967,142.28191100340493,214.6441470337027
2023-08-17,130.62403440709545,253.39841278353887,239.2488010615289,141.17114535080725,215.89753983958104
2023-08-18,131.92037281632065,250.36597020325485,234.5076765264919,140.45260571938172,215.2788236320753
2023-08-21,128.9196994297991,243.13326407586166,232.18016004555756,139.0322055279243,216.28839925531676
2023-08-22,128.62820456465286,243.19548201507834,230.8353463502082,137.9800819988136,216.05540942485771
2023-08-23,127.78994087251438,244.1742571846335,226.80731752912044,138.72207372715704,215.42960324440594
2023-08-24,129.59705578061877,247.32083125167486,229.00266830226127,141.86160503056828,214.83607499819738
2023-08-25,128.27633383989357,245.81933920211188,227.31135886432696,139.45194022509963,215.71851769103822
2023-08-28,131.72902492076435,249.543860814158,229.63490653585902,142.5760739152536,215.6933282899635
2023-08-29,129.61739654631842,245.9121677644506,228.99838642248667,140.34289248657538,215.46158716669578
2023-08-30,130.43538101736564,245.02111110519778,228.5304971877877,138.74667272695564,214.3644507171969
2023-08-31,125.78891559251551,244.72722889775048,227.5421037266208,138.08768343257654,215.2800577468583
2023-09-01,126.14564422227026,243.64547155997346,227.94747508936535,138.29884324903475,216.10466291569549
2023-09-04,123.60209009781383,237.1283525941854,223.9457162609416,137.80735973935492,216.38300080832192
2023-09-05,122.49486204672355,235.46413393643033,223.61671020278658,136.59251807900844,217.00604025513957
2023-09-06,117.67759219648856,226.10891858345775,214.86798447506325,134.58356012547756,214.5902107980747
2023-09-07,116.3091292593261,220.83629118221754,210.61858524828824,133.01060222093503,214.2253046263371
2023-09-08,116.12035184448908,219.6131167856829,206.56270882871323,131.69269688624448,214.37944213954236
2023-09-11,114.7985663953025,218.61404560870494,207.502808689941,130.33430764298944,214.49144694337718
2023-09-12,114.72793496318955,220.41553319861185,209.8925637846621,131.99071164322092,214.09856087865867
2023-09-13,113.45245562434314,216.07321746575906,207.31249123664898,129.1007280739072,214.30900359578393
2023-09-14,112.85451284854729,218.42573545508262,207.0572513894636,128.50299501021343,213.79538277036184
2023-09-15,112.3617940819147,216.29875350745053,205.8554338538716,128.64229195774155,213.3387372486042
2023-09-18,114.54318914804182,218.48528813852215,210.01356119627502,130.50140986721314,212.44365073748918
2023-09-19,118.00038894036746,222.91288578349887,210.73249685916787,132.52795691032816,212.5780168174544
2023-09-20,117.99282648538548,221.80406955925065,212.99728535456603,132.5215541767947,212.0740863526944
2023-09-21,120.11000350766656,225.5517666386913,216.64220513213266,133.58561906750805,211.73319485462247
2023-09-22,115.3040927234979,219.33962363631477,209.6380212910273,132.78403393015438,212.7938099066688
2023-09-25,113.80651651280829,217.792295785234,204.66241739242338,131.60824735404708,212.79368892463805
2023-09-26,113.22007977514754,217.0853909377873,205.4173820521641,130.4476895114425,212.799034226848
2023-09-27,112.76628241125314,215.15936135950352,202.11680269252764,129.73058677202624,211.69061611979726
2023-09-28,112.76099209148664,211.03588549679145,200.78806034831817,129.45901398747057,211.33482802695562
2023-09-29,115.36570290586737,213.52755035569402,204.93403661786203,131.47466131229885,212.09397795715225
2023-10-02,117.07783300954699,214.87449110009845,203.17714303027512,132.7564864281101,212.5354743819638
2023-10-03,114.14723077569795,207.55233923624172,197.8221944793148,132.20425694531463,212.6069004390275
2023-10-04,113.94162141768702,208.74613204674102,197.64335987652225,133.602576875183,212.50778651855393
2023-10-05,111.5248017710615,206.05853303843506,197.5355236880519,131.2416342130722,212.5888871146386
2023-10-06,110.08052321654853,208.10398804826232,198.5179391688527,134.28739293948692,212.91687057352013
2023-10-09,109.62551688370566,206.60313347304685,195.57137999962575,134.92378097954142,212.70654193769246
2023-10-10,108.93707269807695,205.99838574699558,196.1607551955995,134.4348631804924,210.8945543004176
2023-10-11,111.19770746491587,204.73799066380153,194.58014485828733,135.18832421158723,212.38202675337558
2023-10-12,114.41539447322589,210.3165286760784,196.74927066757039,137.6841241389728,213.26002213815173
2023-10-13,116.1459639155489,214.2882578750257,198.31928023183525,139.32440893921626,213.17665566605538
2023-10-16,115.34390441442626,212.69438225611648,199.64462400318638,139.38278800518296,214.26385592212452
2023-10-17,111.91955950475926,209.0972670041125,196.69968191217896,138.99245654392365,213.31866460795905
2023-10-18,115.40369977125093,213.7448453200639,200.48834618705968,139.89807234689732,214.31558676294472
2023-10-19,113.88933858433255,212.74830803479907,199.58170564823422,140.2963117985106,214.490977222519
2023-10-20,116.11834724362969,216.5545196688671,201.7509377851793,140.76227464261336,215.19098715407821
2023-10-23,116.85230521105882,221.90292189929383,205.53281860807556,142.17660403901792,214.96294148305503
2023-10-24,117.74703534650122,222.21118304588384,205.39378915956442,140.45350893180688,215.1085484909782
2023-10-25,119.66803053209895,227.3320783270519,213.18904194912665,141.41405450824138,215.58102815744093
2023-10-26,121.50393181811185,231.59612643444825,213.5795945383633,141.3571539735153,216.405647228753
2023-10-27,121.48671354660226,232.15181184906965,212.33946212324673,138.86015216693735,216.8277115716331
2023-10-30,122.09847803707402,233.3978363725418,211.93807209681415,139.3115236553342,217.1967600832171
2023-10-31,124.03030818392469,237.00979428865634,216.57718363150113,139.3263251512609,216.77931529053433
2023-11-01,126.671787163662,237.09557968176676,217.96562071283026,142.72938724126968,218.11815472872107
2023-11-02,128.07556959898074,238.00463505074475,216.96184767686856,141.29492447011702,218.3096542105449
2023-11-03,126.511341388819,235.94894147643984,216.19854669396855,140.84406036616556,218.1696496153917
2023-11-06,125.24743163399587,236.86066648096218,216.87747782221444,140.24824686172377,217.95454918218212
2023-11-07,125.94044930704797,238.02130810483783,219.4717791769611,142.07922642950618,217.07123711172486
2023-11-08,124.71613723847351,237.90808826472602,220.4505036810927,143.18271559190393,216.54282197453395
2023-11-09,123.83409567127845,237.914504444945,218.20318771457053,143.28161701138245,215.42342226939323
2023-11-10,122.79516241513664,234.58128811149933,216.65161272767136,141.43549884983088,215.60905987686328
2023-11-13,125.6206738366334,241.0797801150013,220.42279195893667,143.3473697441647,215.57950190918808
2023-11-14,124.15827791606647,240.74934930509482,216.12881161459936,142.13298213771233,215.77647804701138
2023-11-15,123.00239792511398,241.89480543295105,222.37903992024917,143.73776395942434,214.86622501431847
2023-11-16,117.69224910347515,232.57569678030939,214.35017870518243,140.3516590350843,214.58068151910035
2023-11-17,118.81079631426188,231.3773222403069,219.500910066815,140.19030800490881,214.13093836281746
2023-11-20,121.90029343916349,237.7106898983205,223.14382003352887,142.76002234145258,214.9067119943615
2023-11-21,119.90306517417694,233.51369951706826,219.0880922376389,140.31466664147035,213.81931889862904
2023-11-22,120.89821839731252,236.20257003142294,220.39379483551218,140.17259077061016,212.71665533127688
2023-11-23,120.73911459039766,238.47710549635806,225.2118896859398,142.2575906347028,213.70611470624405
2023-11-24,118.33328793985498,232.74281434454275,223.61317792453798,140.4288925122033,214.0076285024934
2023-11-27,119.70454576183009,231.90346534456765,224.60148571896846,138.86424867929549,212.86737887651162
2023-11-28,119.04732154782769,229.8070493654456,224.91424887097247,138.7886268115367,213.90613211237132
2023-11-29,116.17098238385208,224.933018616716,220.33926159886929,136.073186076684,215.05778000351344
2023-11-30,117.35215642993273,227.75425595166797,222.894515271076,137.36167801450077,215.95044093416402
2023-12-01,114.46734579192297,220.66161148289757,217.94149086606453,135.93148185249458,214.42820372952872
2023-12-04,114.11185852188086,220.66391174902105,222.2940717702282,137.24066384564486,214.54971764858252
2023-12-05,113.91289448729822,219.1037236177517,221.8566805412384,135.61278672996949,213.9323038776189
2023-12-06,111.91034725614566,219.30695412068383,222.2452842713349,134.1827685893887,213.76419856090862
2023-12-07,110.03439407866729,216.43514843506443,217.11740004522957,132.27295187276837,212.61596914260204
2023-12-08,108.69080646346585,217.83662726944863,216.56579714063304,131.67173029009354,213.9412820385779
2023-12-11,108.4173190225243,216.2208194957645,213.92382231795554,130.05080448890143,213.4541765653022
2023-12-12,111.53197555994522,222.34933347339557,221.70355155558957,134.2551583564685,213.69226630491792
2023-12-13,114.07970958454253,229.57416217279186,226.52416490963964,136.86906731976873,214.32579861301915
2023-12-14,115.2017238552433,228.89249005376126,226.0580964471669,137.576377737914,214.81737174315344
2023-12-15,116.80135258449067,238.54076407322373,231.45308704513369,141.69938879254448,215.15813475328486
2023-12-18,116.14731029161554,240.2129301881609,233.4148210756593,143.20440715739858,214.89491908219165
2023-12-19,119.51210595095625,243.49861240346806,239.35134635483712,142.7233029561493,215.09192721983652
2023-12-20,115.94191185586504,240.46442033261576,235.6677616569656,142.39900086363093,214.95662516293555
2023-12-21,113.9921295315356,235.42859761022405,231.74615682531146,139.8786518866258,213.2833784888107
2023-12-22,113.61423956465207,231.07806670909375,225.61682800777788,139.07621924033091,214.06186889624865
2023-12-25,114.1936398718977,231.51958148839,226.0964826712475,136.74746179164137,213.62251122119554
2023-12-26,112.64872027211325,228.33655494664694,221.8231861835661,134.72278382063067,213.26309326847087
2023-12-27,112.79654998740408,227.4921012834614,218.11191595800318,134.60529044747415,212.98560779259117
2023-12-28,110.04711248909508,222.40856912692263,217.17604873136688,135.50567495778648,211.9822504980485
2023-12-29,111.01097413565202,229.164899094319,226.12198134900163,139.7066093671462,211.11444560938102
2024-01-01,112.53201707536175,234.07099252873502,228.4361137149187,141.32784804095104,209.81531273559142
2024-01-02,113.16355065343937,236.8884497890357,231.74667162599894,142.56870331172303,210.1891318384959
2024-01-03,112.73221317326436,236.54274949594844,231.04151828447718,142.50858346921999,211.0895521127444
2024-01-04,111.95177741149212,234.53654700618833,232.00925719248403,143.12129385930672,211.1741858527996
2024-01-05,113.64719568723696,242.56824678236626,239.1174417032795,146.4248614799771,210.3583397833579
2024-01-08,115.1066686767334,245.04474006857671,239.76872013166516,148.10950302376696,211.35199030247472
2024-01-09,116.45949307482,248.77166109910925,244.3842243459935,151.7671275488,211.1449890381607
2024-01-10,117.92242841541085,250.85542741974643,244.7977461996307,154.65600919230187,209.99893031338453
2024-01-11,117.72520317618458,251.08669261415858,244.3112001156058,156.5365556454219,208.6484760253334
2024-01-12,116.39987273277892,247.18503926436185,240.84859402414577,156.97237896527918,208.80971566219998
2024-01-15,117.63100543536173,248.7533148590658,240.96584354289607,158.55572091004822,209.89642588059323
2024-01-16,116.26750890216933,248.14214453338926,241.11749121781588,157.70906784439995,209.64273203656498
2024-01-17,118.69757875927208,253.38679458590465,242.27457379321797,157.50969318892447,209.20556799655378
2024-01-18,115.17583692997316,245.09774908973606,232.706425670878,154.48467409968777,209.03323908319774
2024-01-19,113.5279467833997,246.28425283544658,235.36548984025504,153.61346242043646,208.44064225226066
2024-01-22,112.80435700421774,246.1102379861028,231.71418872712098,153.24972067641545,208.0699993125203
2024-01-23,114.89797362628487,249.11786275498966,236.82981630771366,152.78557294137184,208.28162782969267
2024-01-24,115.73669020892537,249.88801095216817,238.3029896691784,153.3354500655114,207.78240862683367
2024-01-25,119.95735379115946,257.38793460605984,242.19565225531596,154.74361070174265,208.48913434652886
2024-01-26,118.41201474630292,258.5395267859353,247.71364560996628,153.79191145405957,207.80429913767952
2024-01-29,117.84610280383663,255.71047861802447,244.5165061548274,150.66782132968936,208.34769389589792
2024-01-30,117.1474760157353,255.79096786423068,246.2948566701202,148.75469621871844,208.6272801131822
2024-01-31,114.63769268310892,248.7398601567985,241.38869767602844,148.64423406750205,208.37254520395504
2024-02-01,113.18205224347547,252.60973726061775,248.0821755805581,152.34211632390964,208.1827916304794
2024-02-02,112.34660720901132,248.21396011318896,244.35058870049477,148.85128060497595,207.9729880775116
2024-02-05,114.07413904097794,248.6259467753198,242.9620210781382,148.75730189165955,209.2257346003191
2024-02-06,113.91440253939923,249.21412009518326,245.14854679142553,146.2334737967523,208.6605396853269
2024-02-07,113.79556008416205,254.05656199733895,246.2390522080194,150.61320023592887,209.557132864368
2024-02-08,115.5903849074349,258.9855979897924,247.4674956865643,151.08826111443918,210.3258218752385
2024-02-09,115.6882925593165,262.0026115079614,250.8001961205356,150.18465055648642,210.10393198763114
2024-02-12,116.32305202140122,263.5822646178211,251.72121773874898,150.626911436583,211.32405640187315
2024-02-13,113.51639456503513,258.78045951472717,250.4278882207111,148.6626741654375,209.59880510415562
2024-02-14,108.19519108228721,246.28367259446588,240.01517315171816,145.66670892086816,209.805756606007
2024-02-15,107.5671274439185,243.9824071848332,231.15733979202076,144.87969233480686,209.92733819352804
2024-02-16,105.91111775665631,241.1611344342382,228.445934157624,143.325064113955,209.9688730432317
2024-02-19,105.67825740430483,242.34589355363454,228.2226401946117,144.02222798729474,210.61200577566837
2024-02-20,106.67167761816327,241.89981708487355,229.98262063938915,144.76115612445992,210.34407704779042
2024-02-21,103.72136002774124,241.38465228994176,228.6090091340681,141.66997768290477,210.23376036915153
2024-02-22,103.10335768372276,238.7925404257378,227.48055894739832,140.84291895445128,211.10862953447622
2024-02-23,104.59723289087563,238.44725427610086,229.18456134990183,140.83848234607623,211.04983720566804
2024-02-26,107.4022672274816,242.3152661052979,231.27025372819588,143.80838627945502,210.31420349578048
2024-02-27,104.99734090879407,240.9654142773554,232.51671938894086,142.7404669265518,210.76093112399184
2024-02-28,108.3655133094207,248.9995172195898,239.85098712838658,146.90975487480387,210.72660071331376
2024-02-29,106.48293268113231,238.49916592158044,229.89450342031623,141.68761865373972,210.65327109554354
2024-03-01,111.8536774061496,252.70468457086662,239.66137495512686,147.22008693762058,211.40448638231842
2024-03-04,112.46751651020874,256.93598458995075,245.07462568623995,149.48027798591514,211.17778974737033
2024-03-05,110.47049315284853,249.82617277265203,237.0224927409644,147.82297862389214,210.79647190087263
2024-03-06,113.32819816742956,254.33109332514445,241.51188562513696,150.48180889429062,210.94654638607003
2024-03-07,114.53462612027569,257.12399770176813,246.33804974607233,151.95712513571658,211.14907950274926
2024-03-08,118.79029790015116,269.94054195895797,256.2846258161147,157.62406118129874,211.53174237866693
2024-03-11,120.34100660195892,270.9604780314449,255.99427880569442,156.30035765028867,210.66845852746806
2024-03-12,117.85310745393222,265.84632066184196,250.29039137808348,155.6154510941552,211.96708187904488
2024-03-13,113.66435440287614,257.47910176192147,240.3605640252331,151.4747804034044,212.4956775502203
2024-03-14,117.06865606928145,262.7728985553999,245.5569044838989,153.19968667655942,212.62855986356772
2024-03-15,113.36172230201768,257.6561001589065,243.49685849514927,152.35042753183535,212.8264633820747
2024-03-18,112.41113426494506,257.188513396766,240.4388290691128,153.26910076189196,210.9973662435543
2024-03-19,114.2039556227898,257.47336299821126,241.99099678932376,156.25770007859774,211.7078975494176
2024-03-20,116.26685622908148,261.1447559683768,246.31217404924328,159.43729071481968,210.977799922148
2024-03-21,117.34563917862562,267.9660396373499,248.49206181046952,161.68590607304495,211.3764584858305
2024-03-22,118.68580888385824,271.9565654669778,249.41016243180073,163.96222748187319,210.52080438052178
2024-03-25,117.38557667889793,272.6066891792873,250.12829868650002,165.11172193595866,211.27457234485934
2024-03-26,117.40798824257598,272.05115263942764,250.73742822627284,167.43843458688275,210.90566829569326
2024-03-27,117.3630283473186,281.7169606855263,256.2901043998821,174.0172509258637,210.77537138397412
2024-03-28,117.96903905131096,285.09092757146414,262.1548383668281,177.30781431991522,211.93279845933938
2024-03-29,121.48082057123514,297.7642814182108,269.05169576142305,180.28792546878358,212.69503165370134
2024-04-01,120.35375609704326,290.64399700652876,265.55388325496756,177.53204185131824,211.70002398812647
2024-04-02,120.45451903911231,291.0887496526989,268.3121986556039,178.39609481760755,211.20974560022128
2024-04-03,122.54418838159407,298.1490508974562,272.54432816564423,181.8595681640133,211.37983719411824
2024-04-04,119.97108288974658,294.1511128109508,268.14690638331575,181.72223425410579,211.23355193253133
2024-04-05,120.02687077413678,293.6861347772924,270.3372610160703,180.2324600554933,211.8583667655166
2024-04-08,120.11997664642973,297.07833885354887,270.92698252964783,181.21948053720703,211.37795878032472
2024-04-09,116.48701219829923,288.4833586724424,264.56148721497175,176.91607892260936,210.02062770981033
2024-04-10,114.6212108573642,285.4139681154386,262.0488441888956,175.5931748356155,209.3774565577828
2024-04-11,117.65249706730974,289.44815180574403,264.1937385081157,175.83997759447578,209.26817716386049
2024-04-12,114.85580936959721,285.81600526020384,263.2499804706448,172.35749817682898,209.69623894169462
2024-04-15,111.96418460733153,281.42646960306365,258.23568043408767,169.43714700653604,210.26930098422153
2024-04-16,112.28917003895285,281.3352393477119,256.6076644137909,172.9561597421013,211.2149693814945
2024-04-17,113.35788818683663,288.0903664399537,262.7329986656335,174.8116420388354,211.41559815295398
2024-04-18,111.72048250006101,283.0320389379461,257.44272097310386,172.59325813532266,211.29205761627742
2024-04-19,112.87069826513753,279.69054199770454,253.4144688844035,170.60308431542114,211.8598949677532
2024-04-22,115.1735813994789,284.646081008745,257.6359673859111,176.05893394737367,211.81248773288925
2024-04-23,113.39947055777529,279.9065328699253,252.86455996987493,172.71264331971784,211.49169077287192
2024-04-24,112.25931705613858,278.2102262486146,249.47129892357358,174.25990354693192,211.1721281518561
2024-04-25,114.5372292159205,286.3475522877783,255.70853495914778,177.6900324735937,211.88616734740359
2024-04-26,112.2460594823117,285.3420588465814,256.6923647514349,174.4144550001617,213.01753958782993
2024-04-29,114.43987254713176,287.798123654858,259.9004698176581,178.17548654486325,214.0279492193892
2024-04-30,113.13369411490328,287.00796028028503,258.7434071440186,176.52509853695116,212.86026560125498
2024-05-01,113.41494763717326,288.1456911522413,259.41086203498236,174.8340631673243,213.7030033156099
2024-05-02,116.90151316894773,293.4776095233536,264.3511917563935,177.97017778963118,212.89316020589476
2024-05-03,114.46706904096176,284.2405577364004,257.313335209985,173.64176044168886,212.66555451973198
2024-05-06,115.27401302100382,288.2370152433771,259.18599783829336,173.5315058907904,213.1292092268365
2024-05-07,114.7755655976666,287.6224323804334,257.5771326671007,172.79646303482474,212.1632404615961
2024-05-08,116.23700167694109,289.08926919244647,255.71169084627948,171.6466900886755,211.28064177535336
2024-05-09,118.47703282610928,293.6649182219411,257.7113934753595,174.24921252996742,210.75303100758563
2024-05-10,118.07983783888898,293.8414006552736,262.55843153180575,173.40326837572914,212.02886058363376
2024-05-13,118.2132082741644,300.812099567088,267.87185189859576,175.62062522618498,212.85628222117748
2024-05-14,114.0263855690887,297.66009315430387,262.68409311653096,174.84786379555484,212.2147856687465
2024-05-15,114.95676555691831,299.8680775036279,267.5139575128589,176.14319872430332,212.344379541037
2024-05-16,114.08366478578635,298.67346791754005,267.37060683077004,176.4579667220507,212.47211107531461
2024-05-17,115.44911487449205,304.99606497786164,271.45468061343564,178.5764879188251,212.73183576052568
2024-05-20,113.81714611924674,303.65806205561796,269.4622612678234,176.66098314073557,212.23050547079558
2024-05-21,112.92239899314447,300.6473068673668,268.3362952205047,179.04166504796885,213.33085120935527
2024-05-22,114.55445286541696,307.010243322822,270.98200938657277,180.36509389142708,213.07497943020817
2024-05-23,112.48163337547624,300.7937658891988,269.50261452964975,176.68283672993005,213.7142903429337
2024-05-24,110.97722745428713,294.67543251005554,264.82818202647866,177.29230427143625,212.48546960111713
2024-05-27,113.76545750347404,296.08131722222726,262.59702323316054,177.30148880756914,212.80433231986646
2024-05-28,115.29161510118612,304.02461256940444,271.12876098184006,179.03769013475292,212.93955174357592
2024-05-29,112.37872685492198,292.29675826194114,262.5521888789978,178.03688923010284,213.98139324540665
2024-05-30,112.63563263795582,295.1150823010582,264.0923678121246,179.78642302871424,212.07235400918867
2024-05-31,110.95103050737202,293.02594524619803,260.8987830510154,180.56325277407933,212.5121648835634
2024-06-03,110.25556390610258,289.21289493103006,259.1629511234617,180.8620988181518,213.14548807922503
2024-06-04,103.55682914701,276.1161194705177,245.71226339478076,174.9037672316416,212.9751171595832
2024-06-05,102.6353489280582,278.03971997178263,249.92736582576902,176.32258796261743,213.98573287018831
2024-06-06,103.54913120233311,279.05059422923375,253.163411686891,178.2302703665857,215.5945591789397
2024-06-07,103.76069129486085,284.02930119097886,256.2446280016072,178.55058738719288,216.28830592635407
2024-06-10,104.87417782281136,288.8151807927182,259.1495090213291,179.51614081122068,216.93033709973847
2024-06-11,109.35894264896883,299.4396151465374,269.3999677614499,183.1558755700076,217.98573556169325
2024-06-12,109.11974661055837,293.7848629323248,263.2834093899746,179.9954444255128,218.34992801266253
2024-06-13,108.37305023906063,291.59424307171565,264.38126091042784,177.1048744339648,219.319507069929
2024-06-14,106.98600362998964,290.45276079119753,263.2693556876929,175.29341459670255,219.80931746400034
2024-06-17,108.07857629637871,289.8809007119934,264.4074726486904,174.98979377049997,219.31217535717315
2024-06-18,107.2826207398063,289.4103436315044,266.2004871923519,173.84718057554818,218.5358080693948
2024-06-19,107.10263779471627,292.1407873979634,269.372962152623,171.11861068080623,219.46605650179194
2024-06-20,106.41336437755274,288.52182693447503,262.5220778508334,168.27068155939216,219.95595227423794
2024-06-21,106.62537541212626,288.10748263456685,262.58425007800315,169.27588352308405,219.4700156531978
2024-06-24,106.14051295455,287.04413566577614,264.3088388084655,170.51608363502038,219.51998892771982
2024-06-25,105.34370649727363,286.0118857940694,266.0852714526612,170.52553494987905,220.67841962786895
2024-06-26,104.65983332882153,283.13728104063904,260.8637283912499,171.73393586358975,219.3875111792794
2024-06-27,105.8019106774254,287.4708285321437,262.65218538278543,172.6022729484447,218.72513033159572
2024-06-28,105.24556522209501,287.7430697881738,263.67926797609124,172.5690249635989,219.2902254961302
2024-07-01,107.5535268578616,295.97161538033214,271.4095078676671,173.60450924199878,219.95359108979514
2024-07-02,108.63677594018807,296.9049575862609,270.7559746135915,172.9181723406102,219.08287020301768
2024-07-03,106.68373300100488,296.4826189375511,270.29143237357334,173.02797851590032,218.3499823179026
2024-07-04,109.17256128026331,302.44177728773883,270.5210498995951,175.91818790833145,218.50628325072455
2024-07-05,112.4416287745898,309.29119604849507,279.15125754457404,178.27418796130715,219.61414775171218
2024-07-08,110.92408495761063,305.7078606235477,278.4844514335497,175.68030466043055,219.6532071712364
2024-07-09,113.06862463323614,316.60586998704036,288.1670829114255,181.59605399887252,217.90363313251387
2024-07-10,114.93928766153532,321.6533938197931,293.2923450702996,183.92106063677926,218.7203668265832
2024-07-11,115.2230105445513,316.51389556073053,291.4185344653864,182.64440771345426,218.73362713239146
2024-07-12,115.39087124859562,316.7146128507611,293.89307283622094,182.0853375378086,218.4122269507818
2024-07-15,116.20144043920419,319.15833709260835,302.13280102658786,184.67743146559476,217.55559086817695
2024-07-16,113.25288371343095,312.22255535035885,304.8497911384233,185.45071998917538,218.4975840246174
2024-07-17,114.19959246572155,322.3022959500779,315.2496748184274,187.72325112832806,218.73215971772436
2024-07-18,112.70684849211017,318.9617690855234,313.38881723712177,186.43986743598134,219.0719929526789
2024-07-19,112.1476730918844,310.3791825412229,301.97963837281907,182.47151456105118,219.37090750138572
2024-07-22,112.63817845939334,308.0159283311439,305.8579287980587,185.46063155483426,219.73621012410223
2024-07-23,116.23464001770034,316.42401652937554,317.0714340045239,186.08834759399505,220.41135173165404
2024-07-24,117.2213238945779,310.3970390087019,309.1536645097579,185.9973979081518,221.7688597596685
2024-07-25,117.43657847404496,311.35884064070507,314.12453191689383,184.9320835653154,220.97477643753032
2024-07-26,116.47641647633908,308.67504416998884,308.02049337776725,184.34661889435947,220.94662112582958
2024-07-29,115.7473188476068,306.9545521205506,310.7614323087397,186.43725964054164,220.6260725337379
2024-07-30,117.93831906012606,316.3915249556328,317.89813208575356,189.94596616646706,221.96050484220314
2024-07-31,115.21178346092657,309.77927720601406,312.8472256518369,187.14105353203067,221.7667432964256
